:020000040800F2
:10000000502500205101000831660008C155000844
:100010002D6600089D130008798E0008000000007E
:10002000000000000000000000000000257D000826
:100030004920000800000000F56D0008357E00082A
:100040006B0100086B0100086B01000835730008A4
:100050006B0100086B010008512000085D200008BA
:100060006B0100086B010008692000086B010008A3
:100070006B0100086B010008E11D00086B0100081E
:100080006B0100086B0100086B0100086B010008A0
:100090006B0100086B0100086B0100086B01000890
:1000A0006B0100086B0100086B0100086B01000880
:1000B0006B0100086B0100086B0100086B01000870
:1000C0006B0100086B0100086B0100086B01000860
:1000D00071860008196200086B0100086B010008B6
:1000E0006B0100086B0100086B0100086B01000840
:1000F000C9550008D15500086B0100086B010008C4
:100100006B0100086B0100086B0100086B0100081F
:100110006B0100086B0100086B0100086B0100080F
:100120006B0100086B010008F11D00086B0100085D
:100130006B0100086B0100086B010008DFF80CD0B0
:1001400000F062FA0048004715A70008502500207B
:100150000648804706480047FEE7FEE7FEE7FEE761
:10016000FEE7FEE7FEE7FEE7FEE7FEE7FD7E0008AE
:100170003D0100082DE9F05F0546002092469B46B0
:1001800088460646814640241BE0284641464746AD
:10019000224600F070F853465A46C01A914110D3D7
:1001A00011461846224600F057F82D1A67EB010851
:1001B0004F4622460120002100F04EF817EB0009BF
:1001C0004E41201EA4F10104DFDC484631462A4698
:1001D0004346BDE8F09F40EA01039B0703D009E0D6
:1001E00008C9121F08C0042AFAD203E011F8013B23
:1001F00000F8013B521EF9D27047D2B201E000F87C
:10020000012B491EFBD270470022F6E710B51346BA
:100210000A4604461946FFF7F0FF204610BD421C6F
:1002200010F8011B0029FBD1801A704730B50B462E
:10023000014600202022012409E021FA02F59D4216
:1002400005D303FA02F5491B04FA02F52844151EEA
:10025000A2F10102F1DC30BD202A04DB203A00FAD1
:1002600002F1002070479140C2F1200320FA03F30D
:10027000194390407047202A04DB203A21FA02F00B
:100280000021704721FA02F3D040C2F120029140D0
:100290000843194670472DE9FE4F804681EA030066
:1002A000C00F0C46009021F0004123F00045B8EB50
:1002B0000200A94105D24046214690461C460B4605
:1002C000024623F00040104347D0270DC7F30A0031
:1002D000C3F30A510290401A019040286BDAC3F32D
:1002E000130040F4801B0098924620B10023D2EB0B
:1002F000030A63EB0B0B01985946C0F140025046CC
:10030000FFF7AAFF06460D4650465946019A00F0EF
:100310008DF910EB08006141002487EA115284EA4C
:10032000E7731A4340D0009A62B3019A012A4FEA58
:10033000075215DC001B61EB02014FF0004202EA9C
:100340000752CDE90042001C41F5801132462B4690
:1003500000F08DF903B0BDE8F08F40462146F9E783
:10036000001B61EB0201001C41F5801300185B418A
:100370002018A2F5001747EB030140EAD570B61923
:100380006D4111E06D084FEA360645EAC0754FEA47
:100390000752001B61EB0201001C41F58011490866
:1003A0004FEA30000019514132462B4603B0BDE8F8
:1003B000F04F00F04DB90098012240000023D0EB2F
:1003C000020263EBE073009821464FEAE074B8EB59
:1003D000000061EB0401E9E783F000435BE781F093
:1003E000004158E72DE9FE4F81EA030404F0004480
:1003F00021F0004100944FF0000B23F0004350EA3D
:1004000001045ED052EA03045BD0C3F30A54C1F383
:100410000A552C44A4F2F3340194A0FB0254C1F316
:10042000130141F48011C3F3130343F4801301FB60
:10043000024400FB034E840A970A44EA815447EAC7
:100440008357A4FB076802958D0A05FB07854FEAD1
:10045000932C04FB0C542705029D4FEA065847EAEB
:100460001637B5EB08056EEB070C870E920E47EAC0
:10047000811742EA8312A7FB0201B6EB0B0164EB82
:1004800000042B0D43EA0C335E1844EB1C50DA4693
:100490005146E7FB0201C5F313044FEA0B3343EA6D
:1004A00014534FEA0432019C43EA0603A4F10C04FE
:1004B0000294009CCDE900B400F0D9F803B0BDE887
:1004C000F08F00200146F9E72DE9F04D81EA0304A1
:1004D00004F0004B21F0004514464FF0000A23F0D1
:1004E000004150EA050220D054EA01021DD0C5F3B4
:1004F0000A570246C5F31303C1F31300C1F30A56AA
:1005000040F4801543F48013A7EB0608101BD64671
:1005100008F2FD3873EB050002D308F1010801E091
:1005200092185B41B8F1000F03DA00200146BDE8E4
:10053000F08D00204FF48011064684460EE0171B14
:1005400073EB050705D3121B63EB050306434CEA67
:10055000010C49084FEA300092185B4150EA01074C
:10056000EDD152EA030012D082EA040083EA0501C9
:10057000084305D0101BAB4106D20122002306E040
:1005800000224FF0004302E06FF0010253101AEB1B
:1005900006004CEB085110EB0A0041EB0B01BDE8E3
:1005A000F04D00F055B8C1F30A52C1F3130140F207
:1005B000FF3341F480119A4202DA0020014670476D
:1005C00040F233439A42A2F2334202DC5242FFF736
:1005D00052BEFFF741BE000030B5041E71F10004A9
:1005E00004DB4FF00044404264EB0101141E73F140
:1005F000000405DB1C464FF00043524263EB04034A
:10060000994208BF904230BD064C074D06E0E068B5
:1006100040F0010394E8070098471034AC42F6D349
:10062000FFF790FD14B5000854B50008202A06DB3A
:10063000CB17203A41FA02F043EAE07306E041FAB0
:1006400002F3D040C2F1200291400843194670479E
:1006500010B5141E73F1000408DA401C41F10001CA
:1006600092185B411A4301D120F0010010BD2DE921
:10067000F04D92469B4611B1B1FA81F202E0B0FA18
:1006800080F220329046FFF7E7FD04460F4640EA2D
:100690000A0041EA0B0153465A46084313D011465B
:1006A00053EA010019D0C8F140025046FFF7E3FDBC
:1006B00005460E46504659464246FFF7CDFD0843D3
:1006C00005D0012004E020463946BDE8F08D002029
:1006D000054346EAE0762C4337430A986305E40A6B
:1006E000A0EB08000022FD0A44EA47540A3002D574
:1006F00000200146E9E7010510196941DDE90845D7
:1007000000196941BDE8F04DA2E730B58C1810F82A
:10071000012B12F00F0301D110F8013B120906D191
:1007200010F8012B03E010F8015B01F8015B5B1E80
:10073000F9D101E001F8013B521EFBD1A142E6D301
:10074000002030BD7047000080B58AB04BF27221A6
:10075000C0F6000103A81B220290FFF73CFD0190A8
:1007600007F066FD029807F009F800900AB080BD16
:1007700080B501F081FC01F083FC4FF4803005F07E
:1007800081F901F0A1FB00F003F8FFF7DBFF80BD6A
:1007900080B58EB000200D900C900B900A900990BF
:1007A000ADF82000ADF81E00ADF81C008DF8230058
:1007B000FFE79DF8230025285FDCFFE79DF8230075
:1007C0004BF26431C0F6000101EBC00080790028D3
:1007D0004CD0FFE79DF823004BF26431C0F60001D6
:1007E00051F83000B0F1904F069010D0FFE740F282
:1007F0000040C4F600000699814217D0FFE740F69A
:100800000000C4F60000069981421ED02CE09DF83D
:1008100023004BF26431C0F6000101EBC000808878
:10082000BDF820100843ADF820001EE09DF823001D
:100830004BF26431C0F6000101EBC0008088BDF8C6
:100840001E100843ADF81E000FE09DF823004BF288
:100850006431C0F6000101EBC0008088BDF81C10B7
:100860000843ADF81C0000E0FFE7FFE7FFE79DF855
:10087000230001308DF823009BE700200B9001201E
:100880000A9003200C90BDF82000002817D0FFE745
:10089000BDF8200009900120059004F015FF05988F
:1008A00005F02AF84FF0904009A9049001F052FE9B
:1008B000BDF820100022049801F0EEFFFFE7BDF81C
:1008C0001E00002819D0FFE7BDF81E000990022085
:1008D000039004F0F9FE039805F00EF840F2004092
:1008E000C4F6000009A9029001F034FEBDF81E1004
:1008F0000022029801F0D0FFFFE7BDF81C0000289D
:1009000019D0FFE7BDF81C0009900420019004F005
:10091000DBFE019804F0F0FF40F60000C4F6000092
:1009200009A9009001F016FEBDF81C1000220098E5
:1009300001F0B2FFFFE70EB080BD000084B00146B9
:100940000390039840680B300290029802300190A7
:10095000019800780028009101D1FFE700E0FFE74F
:1009600004B0704780B58CB001460B900020089011
:10097000079006900590049003900B9840680B3008
:100980000A900A980230099009980078002802918C
:1009900021D1FFE7FFF7D8FE4FF00F0E8DF814E0DE
:1009A0004FF07F0E8DF816E005F056F8049004988D
:1009B000ADF8200005F048F803900398ADF8220048
:1009C00005A806F0C7FE019000F048F801200021BC
:1009D00007F062FE0AE009980078012804D1FFE7D9
:1009E0000B980021017000E0FFE7FFE70CB080BD2D
:1009F00082B001468DF80700009102B070470000F8
:100A000080B58AB001460990099840680B3008907B
:100A100008980088A0F51240024607280391029228
:100A200019D80299DFE801F0040E121713141516F5
:100A300004A806F0B9FEDDF824E001907046FFF747
:100A400091FF09E00998FFF779FF05E004E003E072
:100A500002E001E000E0FFE70AB080BD80B598B099
:100A600092208DF85E004BF28D21C0F6000108A89F
:100A70003B220790FFF7AFFB069000F079FC0220C5
:100A8000012107F009FE4AF2A142C0F6000204204B
:100A9000002107F07FFE079806F046FE8DF85F0004
:100AA0009DF85F00002803D0FFE701F0E3FA00E0C3
:100AB000FFE700F023FB07F07DF840F2900EC2F252
:100AC000000E00208EF880004FF6FF71AEF8161071
:100AD00040F6B132C0F600020121059008460599A2
:100AE00007F058FE41F6A552C0F600020220059913
:100AF00007F050FE062009F01FF98DF85E009DF802
:100B00005E00002801D0FFE700E0FFE741F2285037
:100B1000C2F200000021017041F22950C2F200002F
:100B2000012202700491039205F0F4FE40F290005D
:100B3000C2F2000000F1810140F60143C0F600035B
:100B4000049A0290104604F01DF90299823147F68A
:100B5000CD53C0F60003049A0190104604F012F938
:100B60000499029A5176117640F28203C2F2000390
:100B70004FF0800EA3F800E040F28003C2F20003C1
:100B80004FF0A00EA3F800E0039B0090184600F081
:100B90003DF818B080BD000080B505F0FFFE80BDB7
:100BA00080B50220002108F055F880BD7047000094
:100BB00080B582B0012000F097F940F29000C2F2B7
:100BC000000090F88000052817D0FFE792208DF8EC
:100BD000070008F08BFD8DF8070040F29000C2F28C
:100BE00000004FF0000E80F880E09DF8070000281C
:100BF00001D0FFE700E0FFE7FFE702B080BD0000A3
:100C000080B50120002108F025F880BD80B58CB0AA
:100C100001468DF82F0092208DF82E009DF82F00B0
:100C2000012809910FD1FFE740F28200C2F20000D3
:100C30000088ADF82C0040F28000C2F2000000886D
:100C4000ADF82A0008E04FF4C860ADF82C004FF46E
:100C50007A60ADF82A00FFE740F29000C2F200008F
:100C600090F8810004F090FB9DF82F0002281ED11F
:100C7000FFE740F29000C2F2000090F880000128E7
:100C800009D0FFE740F29000C2F2000090F8800027
:100C900002280CD1FFE708F029FD8DF82E009DF801
:100CA0002E00002801D0FFE700E0FFE7FFE79DF8F6
:100CB0002F0040F29001C2F2000181F88000BDF8DF
:100CC0002C00BDF82A200B7EEC464FF0000ECCF82D
:100CD00018E0CCF814E01931CCF81010CCF80C3036
:100CE0004BF2B441C0F60001CCF808100821CCF852
:100CF0000410CCF800E0089070460899734608F09C
:100D0000CFFB8DF82E009DF82E00002801D0FFE7C4
:100D100000E0FFE740F23801C2F200010E2008F0C7
:100D200015FD8DF82E009DF82E00002808D0FFE755
:100D30009DF82F00012801D1FFE700E0FFE713E055
:100D40009DF82F0001280DD1FFE740F29000C2F27C
:100D5000000090F881004EF24601C0F2010104F05B
:100D600085FA00E0FFE7FFE70CB080BD70470000A8
:100D700080B586B00146ADF8160041F22950C2F2A6
:100D800000000078012802912ED1FFE741F229509E
:100D9000C2F20000002101702420ADF814003C20B4
:100DA000ADF81200ADF810104FF4FA70ADF80E0067
:100DB00040F29000C2F20000C08ABDF81410BDF8E5
:100DC0001220BDF81030BDF80EC0EE46CEF800C0BF
:100DD00009F0BCF88DF80D009DF80D00002801D039
:100DE000FFE700E0FFE7FFE706B080BD80B584B015
:100DF00001468DF80F009DF80F0002460028019172
:100E0000009204D0FFE70098012806D00BE03F20B5
:100E10000290029807F090FC06E03F2002900298B2
:100E200007F0E2FC00E0FFE704B080BD80B584B0CD
:100E300001460390039801900198406808300091A2
:100E400006F002FF8DF80B009DF80B00002804D07F
:100E5000FFE701980121017003E001980021017072
:100E6000FFE704B080BD00007047000080B58CB083
:100E700001468DF82F0000200A90099008900790F5
:100E800006900222059010460491039204F030FC73
:100E90009DF82F004BF21E31C0F6000131F8100012
:100EA00006900120079005980890039A09929DF8F2
:100EB0002FE040F21C03C2F2000353F82E000DF1A4
:100EC000180E02917146019301F044FB9DF82F002A
:100ED000019951F82020029B33F810101046059A12
:100EE00001F0DAFC0CB080BD80B584B001468DF80D
:100EF0000F009DF80F0040F21C02C2F2000252F8EF
:100F000020204BF21E33C0F6000333F810000023FC
:100F100002901046029A019111461A4601F0BCFC5B
:100F200004B080BD80B584B001468DF80F009DF8F7
:100F30000F0040F21C02C2F2000252F820204BF2D5
:100F40001E33C0F6000333F8100001230290104650
:100F5000029A019111461A4601F09EFC04B080BD30
:100F600080B58AB00A4603468DF827008DF8261012
:100F70000020089007900690059004900392029339
:100F8000FFE79DF82700002804D1FFE7042004F0C4
:100F9000AFFB13E09DF82700012804D1FFE70820EC
:100FA00004F0A6FB09E09DF82700022804D1FFE722
:100FB000082004F09DFBFFE7FFE7FFE7FFE79DF850
:100FC0002600002821D1FFE79DF827004BF21831B9
:100FD000C0F6000131F810000490002005900120B7
:100FE0000690022107919DF8271040F20C02C2F2F0
:100FF000000252F8211004AA01900846114601F09F
:10100000A9FA019801F03EFAFFE79DF826000128B1
:101010002ED1FFE79DF827004BF21831C0F60001F2
:1010200031F810000490012006904FF40410059050
:101030009DF8270040F20C01C2F2000151F8200097
:1010400004A901F087FA9DF827004BF21431C0F68D
:10105000000108564FF00F0E00220091714601F07A
:1010600091FD9DF827000099085601F073FDFFE7F8
:101070000AB080BD7047000080B586B004F048FD1E
:10108000039003980130002822D0FFE704F038FDD8
:10109000029004F02FFD0190039841F2B82EC2F2A5
:1010A000000E8EF800000398000A8EF801000198E7
:1010B0008EF8020002988EF803000298000A8EF85B
:1010C0000400BDF80A008EF80500CDF810E011E02C
:1010D000002005F027FB05900598002803D0FFE7C6
:1010E0000598049005E04BF2BC40C0F60000049067
:1010F000FFE7FFE7049806B080BD000070B590B030
:101100000020ADF8320092208DF8310009F0F4F89B
:101110008DF831009DF83100002801D0FFE700E094
:10112000FFE7FFF7A9FF0D900D9A0020062108F0B8
:10113000A9FE8DF831009DF83100002801D0FFE7AD
:1011400000E0FFE70D98407940F23801C2F200015B
:1011500008720D98007948720D98C07888720D98C1
:101160008078C8720D98407808730D98007848739D
:101170004BF2A442C0F600021820102108F082FEB3
:101180008DF831009DF83100002801D0FFE700E024
:10119000FFE74BF29442C0F600020820102108F04D
:1011A00071FE8DF831009DF83100002801D0FFE775
:1011B00000E0FFE70120182108F008FE8DF831005B
:1011C0009DF83100002801D0FFE700E0FFE708F0BC
:1011D00005FD8DF831009DF83100002801D0FFE7B2
:1011E00000E0FFE700208DF83F009DF83F0040F051
:1011F00001008DF83F009DF83F00012838DBFFE734
:101200004BF2E440C0F600000B909DF83F006946A9
:101210000EAA4A600DF13A020A60002107220FABC4
:1012200007F068FF8DF831009DF83100002801D0EB
:10123000FFE700E0FFE7BDF83C00BDF83A100B9A6D
:101240000A9010460991FEF7EAFF0B996A46116071
:10125000C3B200220A98099908F0F2FC8DF8310017
:101260009DF83100002801D0FFE700E0FFE7FFE72D
:10127000BDF83C00BDF838106A460DF1320313602A
:101280000022022308F0DCFC8DF831009DF83100CB
:10129000002801D0FFE700E0FFE7002002210891CD
:1012A000089A08F0AFFF8DF831009DF83100002852
:1012B00001D0FFE700E0FFE740F29000C2F200003B
:1012C00001210170007808F0C9F98DF831009DF80E
:1012D0003100002801D0FFE700E0FFE740F2900076
:1012E000C2F20000012141700822027110224271F5
:1012F0000022C2704BF20723C0F2010383608170A9
:10130000437890F802C090F803E00479457980684A
:101310006E463261F060C6F808E075603460604681
:1013200007911946079B06921A46069B08F01AF881
:101330008DF831009DF83100002801D0FFE700E072
:10134000FFE740F29000C2F20000807800280CD045
:10135000FFE707F09FFE8DF831009DF8310000286F
:1013600001D0FFE700E0FFE7FFE710B070BD00002D
:1013700080B582B040F22800C2F20300009040F62F
:10138000ED50C0F60000019040F62D60C0F6000060
:10139000694608F0B3FE02B080BD0000FFE7FEE73B
:1013A00080B582B0002001210191FFF7D9FD01989D
:1013B0000199FFF7D5FD02200199FFF7D1FD02B099
:1013C00080BD000070470000B0B5A2B09C469646B4
:1013D0000C46054620901F91ADF87A201D93002001
:1013E0001C90ADF86E008DF86D00189017908DF878
:1013F0005700ADF8540020980089B0FA80F04009F9
:1014000040008DF86D00209840690028CDF850C04C
:10141000CDF84CE0129411952DD0FFE7209800896B
:10142000002820D1FFE720980168426800690B5C22
:101430000130904210910F9307D3FFE72098416845
:1014400000690130401A0E9004E0209800690130D4
:101450000E90FFE70E981099085C0F9A02EB00209F
:1014600002300D9003E0209800890D90FFE70D9861
:10147000ADF86E00FFE720980089012805DBFFE743
:1014800020980089ADF87A00FFE72098C1680069CC
:10149000884209D3FFE7209841680069BDF86E20B3
:1014A0001044081A0C9002E000200C90FFE70C9802
:1014B0001690BDF87A009DF86D1008441D994843B8
:1014C0001699884203D2FFE700200B900BE0169894
:1014D000BDF87A109DF86D201144B0FBF1F202FBCB
:1014E00011000B90FFE70B988DF856009DF8560001
:1014F0009DF86D1000228842C8BF01228DF8572048
:101500009DF8570000280AD0FFE72098007FC00709
:10151000002804D0FFE79DF856000A9003E0BDF8CC
:1015200054000A90FFE70A98ADF854009DF8570060
:1015300000280AD0FFE72098007F8007002804D504
:10154000FFE79DF86D00099003E0BDF85400099095
:10155000FFE70998ADF85400BDF87A00002800F0C4
:10156000AA81FFE7209841684069BDF87A209DF87C
:101570006D301A441D9B02FB0300BDF8542010443B
:10158000884200F29881FFE700201990FFE7199840
:101590001D99884280F06F81FFE7209841680069BB
:1015A000BDF86E201044884209D3FFE720984168B7
:1015B0000069BDF86E201044401A089006E020989B
:1015C0000069BDF86E1008440890FFE7089820995C
:1015D0000861209800691A9020980089002837D166
:1015E000FFE7BDF87A00209909681A9A531C1A93EC
:1015F00088541A9820994968884206D3FFE71A98B8
:1016000020994968401A079002E01A980790FFE76E
:1016100007981A909DF87B00209909681A9A531C24
:101620001A9388541A9820994968884206D3FFE78C
:101630001A9820994968401A069002E01A98069074
:10164000FFE706981A902098416902314161FFE74F
:10165000209840681A99401ABDF87A10884206D23C
:10166000FFE7209840681A99401A059003E0BDF8FA
:101670007A000590FFE7059818901898BDF87A1041
:1016800088420BD0FFE71898BDF87A10884229D21B
:10169000FFE72098007F002824D1FFE7209800680A
:1016A0001A9908441F99199ABDF87A3002FB031160
:1016B000189AFEF790FD1899209A536919445161C0
:1016C00000211A9118991791BDF87A10189A891A61
:1016D0001891BDF87A109DF86D201144ADF86E1088
:1016E0000490A4E01898002800F0A080FFE720985C
:1016F000007FC007002838D0FFE720980089002825
:101700000ED1FFE7209800681A990844FF2100F8DD
:10171000021C209800681A9A104400F8011CFFE788
:10172000189820994A691044486100201790BDF824
:101730007A1018911A9020980089002814D1FFE798
:101740001898209909681A9A531C1A938854189863
:10175000000A209909681A9A531C1A9388542098F1
:10176000416902314161FFE756E02098007F800720
:10177000002850D5FFE720980089002847D1FFE7CF
:101780001898209909681A9A114401F8020C1898BF
:10179000000A209909681A9A114401F8010C20984E
:1017A00000681A9908441F99199ABDF87A3002FB0B
:1017B0000311189AFEF70FFD1899209A53691944DE
:1017C000516118991791BDF87A10189A891A1891D1
:1017D00020998A6901328A6100211A911899209A08
:1017E00012681A9B03F1010ECDF868E0D1541899E4
:1017F000090A209A12681A9B03F1010ECDF868E0DD
:10180000D15420994A6902324A61039002E00020D3
:10181000219056E0FFE7FFE718989DF86D10084407
:10182000ADF86E00209800210161FFE7FFE71898EE
:10183000002817D0FFE7209800681A9908441F99DC
:10184000199ABDF87A30DDF85CC002FB03C211447E
:10185000189AFEF7C0FC1899209A536919445161EF
:101860000290FFE72098816901318161FFE71998B3
:10187000013019908BE620980168426800699DF854
:101880006D3018449042019109D3FFE720984168D8
:1018900000699DF86D201044401A009006E02098E1
:1018A00000699DF86D1008440090FFE700980199C9
:1018B00008441C9002E00020219002E01C98219036
:1018C000FFE7219822B0B0BD70B589B0DDF834C013
:1018D0009E4614460D460646079006910592ADF8C1
:1018E00012308DF811C006980799086007980021FA
:1018F000C160079801610798416107988161059867
:1019000007994860BDF81200079908819DF81100F9
:10191000079908779DF8110080070028CDF80CE0A2
:1019200002940195009609D5FFE7079800890028E1
:1019300004D0FFE74FF0FF30089002E0002008904D
:10194000FFE7089809B070BD92B00A4603461190AF
:10195000109100208DF83F000E9011990989B1FA7D
:1019600081F1490949008DF83F10ADF83600119812
:10197000406900280C920B9300F0E680FFE7119875
:10198000008900281FD1FFE7119801684268C068EC
:101990000B5C013090420A91099307D3FFE711983D
:1019A0004168C0680130401A089004E01198C0688E
:1019B00001300890FFE708980A99085C099A02EB41
:1019C0000020079003E0119800890790FFE707982F
:1019D000ADF836001198007FC00700285CD0FFE703
:1019E0001198007F8007002856D4FFE7BDF8360025
:1019F0004FF6FF71884205D1FFE711980089002852
:101A000013D0FFE71198C1680069814243D9FFE70D
:101A10001198008900283ED0FFE711984168C268FC
:101A2000891A0089814236D2FFE711984168C2685D
:101A30004369511A1944416111980021C1601198FC
:101A4000008900281FD1FFE7119801684268C0682B
:101A50000B5C013090420691059307D3FFE7119884
:101A60004168C0680130401A049004E01198C068D1
:101A700001300490FFE704980699085C059A02EB90
:101A80000020039003E0119800890390FFE703987A
:101A9000ADF83600FFE7FFE7119801684268C068BB
:101AA0009DF83F3018449042029109D3FFE7119806
:101AB0004168C0689DF83F201044401A019006E03C
:101AC0001198C0689DF83F1008440190FFE7019805
:101AD000029908440E90BDF836009DF83F2010444E
:101AE000119A5369181A506111984069002826D03C
:101AF000FFE711984168C068BDF8362010449DF892
:101B00003F20104488420CD3FFE711984168C06819
:101B1000BDF8362010449DF83F201044401A009034
:101B200009E01198C068BDF8361008449DF83F10D0
:101B300008440090FFE700981199C860FFE71198EA
:101B4000816901398161FFE71098002805D0FFE71E
:101B5000BDF8360010990880FFE70E9812B0704764
:101B600092B00A4603461190109100208DF83F0074
:101B70000E9011990989B1FA81F1490949008DF84E
:101B80003F10ADF836000C901198406900280B9278
:101B90000A9300F0A780FFE71198C0680C90119895
:101BA000008900281FD1FFE7119801684268C068CA
:101BB0000B5C013090420991089307D3FFE711981D
:101BC0004168C0680130401A079004E01198C0686D
:101BD00001300790FFE707980999085C089A02EB23
:101BE0000020069003E0119800890690FFE7069810
:101BF000ADF836001198007FC007002853D0FFE7EA
:101C00001198007F800700284DD4FFE7BDF836000B
:101C10004FF6FF71884205D1FFE71198008900282F
:101C200013D0FFE71198C168006981423AD9FFE7F4
:101C300011980089002835D0FFE711984168C268E3
:101C4000891A008981422DD2FFE700200C9011985B
:101C5000008900281ED1FFE711980C99026840689E
:101C6000535C013181420592049307D3FFE70C983E
:101C7000013011994968401A039003E00C98013033
:101C80000390FFE703980599085C049A02EB002093
:101C9000029003E0119800890290FFE70298ADF8E6
:101CA0003600FFE7FFE71198016840680C9A9DF83D
:101CB0003F301A448242019109D3FFE70C989DF806
:101CC0003F10084411994968401A009005E00C98AB
:101CD0009DF83F1008440090FFE7009801990844E0
:101CE0000E90FFE71098002805D0FFE7BDF83600FA
:101CF00010990880FFE70E9812B0704780B584B045
:101D000001468DF80F009DF80F00002802911AD1AE
:101D1000FFE741F28410C2F20000006800280BD0F7
:101D2000FFE741F28410C2F2000000680021019038
:101D3000084601998847FFE740F27C00C2F20000A4
:101D40000021017019E040F27C00C2F20000012184
:101D5000017041F28410C2F20000006800280BD02C
:101D6000FFE741F28410C2F20000006801210090F8
:101D7000084600998847FFE7FFE704B080BD0000F0
:101D800080B582B0002004F0CDFC019001980028BD
:101D900005D0FFE70198807903F02AFFFFE702B042
:101DA00080BD000080B540F29000C2F2000090F8C3
:101DB0008000012811D0FFE740F29000C2F200003D
:101DC00090F88000002808D0FFE740F29000C2F2AF
:101DD0000000C08AFEF7CCFFFFE780BD704700001F
:101DE00080B541F2E020C2F2000000F00BFA80BDA5
:101DF00080B541F24030C2F2000000F003FA80BD2D
:101E0000B0B588B09C4696460C46054607900691AC
:101E1000059204930798C16C006D48600798406D67
:101E20000028CDF80CC0CDF808E00194009505D04D
:101E3000FFE70798816DC06D4860FFE70798016C68
:101E4000406C00F01C00012202FA00F04860049887
:101E500007990968486007988068102809D1FFE74A
:101E60000598079909688860069807990968C86005
:101E700008E0069807990968886005980799096835
:101E8000C860FFE708B0B0BD80B504F0CDFB80BDF1
:101E900010B588B013468C4686460790ADF81A10E8
:101EA00005920799BDF81A20059800240490204651
:101EB000049C03932346CDF808C0CDF804E003F05A
:101EC0000DFB009008B010BD80B582B0FFF7DCFFBD
:101ED000EE460220CEF8000040F24810C2F20000A8
:101EE00040F26811C2F200014FF480520023FFF764
:101EF000EBFC019002B080BD80B58EB013468C46DD
:101F0000864609900891079200200690EFF3108012
:101F10000A900A9804900998013000280393CDF89C
:101F200008C0CDF804E003D1FFE7002006904AE0A6
:101F30000998012808D0FFE70998022804D0FFE794
:101F40004FF0FF3006903DE00798002839D0FFE7BA
:101F500007980690EFF3108072B60B900899BDF8C1
:101F60001C2040F24810C2F200000123FFF72CFAB7
:101F70000590059800281DD0FFE740F21800C2F236
:101F800000000078002815D0FFE740F21800C2F2E8
:101F900000000021017004980C900C9880F31088C8
:101FA0000598BDF81C1041F6CD72C0F60002FFF78F
:101FB0006FFF05E004980D900D9880F31088FFE7FF
:101FC000FFE7FFE7FFE706980EB080BD80B58AB057
:101FD000EFF31080069006980390EFF3108072B62E
:101FE000079040F24810C2F200000DF11201029079
:101FF0000191FFF7A9FC0299009008460199FFF7AB
:10200000AFFD0590059800280FD0FFE703980890D2
:10201000089880F310880598BDF8121041F6CD722B
:10202000C0F60002FFF734FF0BE040F21800C2F2E6
:1020300000000121017003980990099880F310882D
:10204000FFE70AB080BD0000704700007047000045
:1020500080B5012000F060FA80BD000080B502204C
:1020600000F05AFA80BD000080B5102000F054FA4C
:1020700080BD00007047000080B503F0D1FC80BD3A
:1020800080B503F0D7FC80BD83B001460190019874
:102090000028009104D1FFE701208DF80B0050E0EB
:1020A000019890F8250002280DD0FFE7019804213F
:1020B000C163FFE70198002180F82410FFE70120A9
:1020C0008DF80B003DE001980068016821F00E01D9
:1020D00001600198806C016821F4807101600198B1
:1020E0000068016821F0010101600198016C406CF9
:1020F00000F01C00012202FA00F048600198C16C57
:10210000006D48600198406D00280BD0FFE70198F2
:10211000406D016821F4807101600198816DC06D8E
:102120004860FFE70198012180F82510FFE701983A
:10213000002180F82410FFE7FFE700208DF80B0056
:10214000FFE79DF80B0003B07047000080B584B036
:102150000146039000208DF80B00039890F82500AD
:102160000228019107D0FFE703980421C1630120F1
:102170008DF80B0042E003980068016821F00E0121
:10218000016003980068016821F001010160039873
:10219000806C016821F4807101600398016C406CCF
:1021A00000F01C00012202FA00F048600398C16CA4
:1021B000006D48600398406D00280BD0FFE703983E
:1021C000406D016821F4807101600398816DC06DDC
:1021D0004860FFE70398012180F82510FFE7039886
:1021E000002180F82410FFE70398806B002804D0BA
:1021F000FFE70398816B8847FFE7FFE79DF80B0037
:1022000004B080BD80B584B0014603900398006C93
:102210000068029003980068006801900298039A91
:10222000526C02F01C02042303FA02F210420091E5
:1022300027D0FFE79DF804004007002821D5FFE7DD
:102240000398006800688006002807D4FFE7039819
:102250000068016821F004010160FFE70398016C48
:10226000406C00F01C00042202FA00F04860039861
:10227000006B002804D0FFE70398016B8847FFE755
:1022800073E002980399496C01F01C01022202FAE2
:1022900001F1084231D0FFE79DF8040080070028D3
:1022A0002BD5FFE7039800680068800600280BD450
:1022B000FFE703980068016821F00A0101600398B4
:1022C000012180F82510FFE70398016C406C00F0B5
:1022D0001C00022202FA00F04860FFE70398002188
:1022E00080F82410FFE70398C06A002804D0FFE7B5
:1022F0000398C16A8847FFE736E002980399496C62
:1023000001F01C01082202FA01F108422AD0FFE77D
:102310009DF804000007002824D5FFE70398006813
:10232000016821F00E0101600398016C406C00F01F
:102330001C00012202FA00F048600398C26303986F
:1023400080F82520FFE70398002180F82410FFE79C
:102350000398406B002804D0FFE70398416B88473F
:10236000FFE700E0FFE7FFE7FFE704B080BD000004
:10237000B0B58AB09C4696460C4605460890079133
:102380000692059300208DF81300CDF80CC0CDF80F
:1023900008E001940095FFE7089890F824000128D0
:1023A00004D1FFE702208DF8270067E0089801219B
:1023B00080F82410FFE7FFE7089890F8250001282F
:1023C0004DD1FFE70898022180F8251008980021D8
:1023D000C16308980068016821F001010160089854
:1023E0000799069A059BFFF70BFD0898006B0028DC
:1023F00007D0FFE708980068016841F00E0101600E
:102400000CE008980068016821F004010160089858
:102410000068016841F00A010160FFE70898806CDC
:102420000068C003002807D5FFE70898806C0168A2
:1024300041F480710160FFE70898406D002807D0E3
:10244000FFE70898406D016841F480710160FFE783
:1024500008980068016841F00101016009E0FFE7A8
:102460000898002180F82410FFE702208DF813005F
:10247000FFE79DF813008DF82700FFE79DF8270080
:102480000AB0B0BD80B584B001460390009100F061
:1024900023FA02900398019001980130002807D098
:1024A000FFE700F01FFADDF804E070440190FFE759
:1024B000FFE700F011FADDF808E0A0EB0E00DDF810
:1024C00004E0704504D2FFE703F028FB30BFF0E7DB
:1024D00004B080BD80B584B00146ADF80E00BDF8F3
:1024E0000E0002460128029101920BD0FFE70198ED
:1024F00002280AD0FFE70198102809D1FFE7FEF76C
:102500004BFB06E0FEF74CFB03E0FEF74FFB00E061
:10251000FFE704B080BD000080B582B00146ADF891
:10252000060040F60C00C5F600000068BDF8062065
:10253000104200910CD0FFE7BDF8060040F60C01F8
:10254000C5F600010860BDF80600FFF7C3FFFFE70E
:1025500002B080BD8BB00A4603460A900991002064
:10256000089005920493FFE7099800680899C8400D
:10257000002800F08E81FFE7099800680899012281
:1025800002FA01F1084007900798002800F07D81C9
:10259000FFE70998406800F00300012807D0FFE733
:1025A0000998406800F0030002282FD1FFE70A983D
:1025B0008068069008984000032101FA00F006990F
:1025C00021EA000006900998C068089949008840EF
:1025D00006990843069006980A9988600A98406808
:1025E00006900898012101FA00F0069921EA0000FE
:1025F000069009984068C0F3001008998840069931
:102600000843069006980A994860FFE709984068D1
:1026100000F00300032818D0FFE70A98C06806906E
:1026200008984000032101FA00F0069921EA000011
:1026300006900998806808994900884006990843DF
:10264000069006980A99C860FFE70998406800F06C
:102650000300022826D1FFE70A9808996FF00302C9
:1026600002EA51010844006A0690089800F0070049
:1026700080000F2101FA00F0069921EA000006907F
:1026800009980069089901F00701890088400699B6
:102690000843069006980A99089B02EA53021144DF
:1026A0000862FFE70A980068069008984000032136
:1026B00001FA00F0069921EA0000069009984068A6
:1026C00000F00300089949008840069908430690E5
:1026D00006980A990860099880798007002800F018
:1026E000D380FFE7089820F003000821C4F201011D
:1026F00040580690089800F0030080000F2101FA6E
:1027000000F0069921EA000006900A98B0F1904F77
:1027100003D1FFE70020039034E00A9840F2004123
:10272000C4F60001884203D1FFE70120029026E0B1
:102730000A9840F60001C4F60001884203D1FFE781
:102740000220019018E00A9840F60041C4F600010A
:10275000884203D1FFE7032000900AE00A9841F283
:102760000001C4F600010722884208BF042200923B
:10277000FFE700980190FFE701980290FFE70298B9
:102780000390FFE70398089901F00301890088404E
:102790000699084306900698089921F0030108223B
:1027A000C4F20102885040F60000C5F6000000683F
:1027B00006900798069921EA00000690099880790A
:1027C000C006002805D5FFE707980699084306903C
:1027D000FFE7069840F60001C5F60001086040F6E4
:1027E0000400C5F60000006806900798069921EAE3
:1027F00000000690099880798006002805D5FFE73B
:102800000798069908430690FFE7069840F60401EA
:10281000C5F60001086040F68000C5F600000068BB
:1028200006900798069921EA000006900998807999
:10283000C007002805D0FFE70798069908430690CF
:10284000FFE7069840F68001C5F60001086040F6F3
:102850008400C5F60000006806900798069921EAF2
:1028600000000690099880798007002805D5FFE7C9
:102870000798069908430690FFE7069840F68401FA
:10288000C5F600010860FFE7FFE7089801300890EF
:102890006AE60BB07047000080B585B013468C46E1
:1028A00086460490ADF80E108DF80D209DF80D00B1
:1028B00000280293CDF804C0CDF800E005D0FFE772
:1028C000BDF80E000499886104E0BDF80E0004997B
:1028D0008862FFE705B080BD41F24C50C2F20000B3
:1028E0000068704740F24600C2F20000007870476E
:1028F00040F24800C2F200000068704780B584B022
:102900000146039000208DF80B00039800280091E9
:1029100027D0FFE740F60040C5F60000019003987D
:1029200090F83800002804D1FFE7039800F022F85F
:10293000FFE7019802F050FE0198D0F800E04EF059
:10294000011EC0F800E0039802F056FE03984FF015
:10295000000EC0F834E003984FF0010E80F838E024
:1029600003E001208DF80B00FFE79DF80B0004B099
:1029700080BD000080B586B00146059005980068CE
:1029800040F60042C5F60002904204911BD1FFE7D9
:102990004FF4801002F0D4FE2C204FF0000E039074
:1029A00071467246CDF808E000F0ECF8039800F0AC
:1029B000D1F82D2001900299029A00F0E3F80198D5
:1029C00000F0C8F8FFE706B080BD000080B586B013
:1029D00013468C468646059004918DF80F2002938D
:1029E000CDF804C0CDF800E006B080BD80B586B05B
:1029F00013468C468646059004918DF80F2002936D
:102A0000CDF804C0CDF800E006B080BD40F246002D
:102A1000C2F20000007841F24C51C2F200010A6893
:102A2000104408607047000080B582B000208DF827
:102A3000070044F20001C5F600010A6842F4807202
:102A40000A6003210090084600F0C0F8009800F0EA
:102A50000FF8002804D0FFE701208DF8070002E0FE
:102A600000F04CF8FFE79DF8070002B080BD0000C1
:102A700080B584B00146039000208DF80B0040F231
:102A80004600C2F200000078002801912ED0FFE736
:102A900000F0EEFB40F2460EC2F2000E9EF800E09F
:102AA0004FF47A71B1FBFEF1B0FBF1F001F0FEFAE8
:102AB000002816D1FFE703980F280DD8FFE70399E8
:102AC0004FF0FF30002200F05DF8039840F248011B
:102AD000C2F20001086003E001208DF80B00FFE75F
:102AE00003E001208DF80B00FFE703E001208DF8E3
:102AF0000B00FFE79DF80B0004B080BD80B582B0ED
:102B00004FF4002002F01CFE2E204FF0000E01902A
:102B10007146724600F036F8019800F01BF802B0DA
:102B200080BD000080B582B001468DF807009DF998
:102B30000700009106F0A4F902B080BD80B582B014
:102B400001468DF807009DF90700009106F0B4F9E1
:102B500002B080BD80B582B001468DF807009DF9B6
:102B60000700009106F0C8F902B080BD80B582B0C0
:102B700001468DF807009DF90700009106F0E0F985
:102B800002B080BD80B58AB013468C4686468DF86B
:102B90002700089107920593CDF810C0CDF80CE0FE
:102BA00006F0C6F906909DF927000699089A079B3A
:102BB0000290084611461A4603F03CFD0299019026
:102BC0000846019906F0D8F90AB080BD80B582B0F8
:102BD000014601900198009106F0F4F902B080BD21
:102BE00040F20040C5F60000006800F4C060704785
:102BF00040F20040C5F60000016841F480710160B8
:102C00007047000080B58AB00146099000208DF819
:102C10001F008DF81E0009980068400600280391E7
:102C20003AD5FFE70998006B0028029017D0FFE71C
:102C30000298B0F5800F0AD0FFE70298B0F5000FB8
:102C400015D0FFE70298B0F5400F0FD010E00C2030
:102C5000C5F60000016841F4803101600CE009987C
:102C6000043004F0E5F88DF81F0005E004E003E00F
:102C700001208DF81F00FFE79DF81F00002805D1F7
:102C8000FFE70998006B03F045FA04E09DF81F0088
:102C90008DF81E00FFE7FFE709980068000500288F
:102CA00057D5FFE702F078FF06900698DDF824E09C
:102CB000DEF840E0704546D0FFE7FFF799FFDDF80A
:102CC00018E0BEF1000F05D1FFE70998006C03F092
:102CD00011FA33E09020C5F60000016805910190DB
:102CE00002F040FF03F032F9059820F44070099992
:102CF000096C0843059005980199086003F024F8D1
:102D000001281AD1FFE7FFF7E7FD0890FFE703F07E
:102D10002BF8012810D0FFE7FFF7DEFDDDF820E0FB
:102D2000A0EB0E0041F2893E704504D3FFE703207B
:102D30008DF81F0000E0EAE7FFE7FFE79DF81F00BE
:102D40008DF81E0004E09DF81F008DF81E00FFE7BF
:102D5000FFE709980068C007002805D0FFE7099839
:102D6000806903F017FAFFE70998006880070028D8
:102D700005D5FFE70998C06903F08CF9FFE70998CA
:102D80000068C006002805D5FFE70998806A03F0AF
:102D90006DF9FFE7099800688006002805D5FFE770
:102DA0000998C06A03F062F9FFE7099800684007D4
:102DB000002805D5FFE70998006A03F041F9FFE70D
:102DC000099800680007002805D5FFE70998406AC0
:102DD00003F036F9FFE709980068C00500282AD5F6
:102DE000FFE70998406B03F0E5F90998406BB0F1F3
:102DF000006F08D1FFE70C20C5F60000016841F024
:102E000080710160FFE70998406BB0F1806F11D1CC
:102E1000FFE70998043004F06FF88DF81F009DF863
:102E20001F00002805D0FFE79DF81F008DF81E0049
:102E3000FFE7FFE7FFE7099800688005002833D522
:102E4000FFE7FFE70998806BB0F1804F0BD0FFE7F9
:102E50000998806BB0F1004F05D0FFE70998806BAF
:102E6000002805D1FFE70998806B03F033F90BE0E8
:102E70000998806B20F080500490002003F02AF91C
:102E8000049803F0BDF8FFE7FFE70998806BB0F105
:102E9000C05F08D1FFE70C20C5F60000016841F0D3
:102EA00080710160FFE7FFE709980068400500288E
:102EB0002AD5FFE70998C06B03F050F80998C06B5A
:102EC000B0F1005F08D1FFE70C20C5F600000168F3
:102ED00041F480310160FFE70998C06BB0F1805F79
:102EE00011D1FFE70998043004F06AF88DF81F004B
:102EF0009DF81F00002805D0FFE79DF81F008DF802
:102F00001E00FFE7FFE7FFE709980068C0040028FC
:102F100005D5FFE70998406C03F0CCF8FFE7099866
:102F200000688004002809D5FFE70998C06C03F009
:102F300011F90998806C03F0FDF8FFE79DF81E0079
:102F40000AB080BD80B586B00A460346049003915E
:102F5000049800280192009304D1FFE701208DF826
:102F6000170081E1039844F20001C5F600010968E9
:102F700001F00701884228D9FFE744F20000C5F6B6
:102F80000000016821F00701039A11430160FFF777
:102F9000A3FC0290FFE744F20000C5F600000068C1
:102FA00000F00700039988420ED0FFE7FFF794FC7A
:102FB000DDF808E0A0EB0E00032804D3FFE70320B0
:102FC0008DF8170050E1E6E7FFE7049800688007F6
:102FD00000281CD5FFE70498806802F0E1FFFFF7A6
:102FE0007BFC0290FFE702F05FFE00280ED1FFE7B6
:102FF000FFF772FCDDF808E0A0EB0E00032804D315
:10300000FFE703208DF817002EE1ECE7FFE70498B7
:103010000068800600281CD5FFE70498406902F08C
:10302000EFFCFFF759FC0290FFE702F035FE0028A5
:103030000ED1FFE7FFF750FCDDF808E0A0EB0E0033
:10304000032804D3FFE703208DF817000CE1ECE719
:10305000FFE704980068400600281CD5FFE70498A5
:10306000806902F08BFFFFF737FC0290FFE702F068
:1030700043FE00280ED1FFE7FFF72EFCDDF808E045
:10308000A0EB0E00032804D3FFE703208DF8170000
:10309000EAE0ECE7FFE704980068400700281CD549
:1030A000FFE70498C06802F08BFFFFF715FC029061
:1030B000FFE702F009FE00280ED1FFE7FFF70CFC46
:1030C000DDF808E0A0EB0E00032804D3FFE703209F
:1030D0008DF81700C8E0ECE7FFE7049800680007E8
:1030E00000281DD5FFE704980069C00002F078FFB2
:1030F000FFF7F2FB0290FFE702F0EEFD00280ED191
:10310000FFE7FFF7E9FBDDF808E0A0EB0E0003287E
:1031100004D3FFE703208DF81700A5E0ECE7FFE7F5
:1031200004980068C00700285CD0FFE70498406856
:1031300002280AD1FFE702F055FD002804D1FFE77D
:1031400001208DF817008FE029E0049840680328DB
:103150000AD1FFE702F0ECFE002804D1FFE70120CE
:103160008DF8170080E019E00498406800280AD123
:10317000FFE702F073FE002804D1FFE701208DF87D
:10318000170071E009E002F071FD002804D1FFE7AB
:1031900001208DF8170067E0FFE7FFE7FFE70498DD
:1031A000406802F0E7FFFFF797FB0290FFE702F0AD
:1031B000FBFCDDF810E0DEF804E0B0EB8E0F10D081
:1031C000FFE7FFF789FBDDF808E0A0EB0E0041F216
:1031D000893E704504D3FFE703208DF8170043E0D4
:1031E000E5E7FFE7039844F20001C5F6000109682E
:1031F00001F00701884228D2FFE744F20000C5F63B
:103200000000016821F00701039A11430160FFF7F4
:1032100063FB0290FFE744F20000C5F6000000687F
:1032200000F00700039988420ED0FFE7FFF754FB38
:10323000DDF808E0A0EB0E00032804D3FFE703202D
:103240008DF8170010E0E6E7FFE700F011F840F214
:10325000300EC2F2000ECEF80000FFF749FBFFF778
:1032600007FC8DF81700FFE79DF8170006B080BD3A
:1032700080B582B000F012F8019002F085FC00F0F9
:10328000F00080084BF2D42EC0F6000E5EF800006D
:10329000DDF804E0BEFBF0F002B080BD80B58AB07E
:1032A00002F082FC0690069800280DD1FFE702F09C
:1032B000C3FD00F0F00080084BF2243EC0F6000E83
:1032C0005EF80000089077E00698042806D1FFE732
:1032D00042F20040C0F2F40008906CE00698082822
:1032E00012D1FFE702F078FC012806D1FFE742F295
:1032F0000040C0F2F400089005E044F60000C0F27F
:10330000E8100890FFE755E002F0FAFD09900998EF
:103310000128059020D0FFE70598022804D0FFE798
:103320000598032806D018E042F20040C0F2F400ED
:1033300007901FE002F050FC012806D1FFE742F29F
:103340000040C0F2F400079005E044F60000C0F22F
:10335000E8100790FFE70DE0FFE702F06DFD00F0D9
:10336000F00080084BF2243EC0F6000E5EF800002C
:103370000790FFE70798049002F0CAFDDDF810E01F
:103380000EFB00F0039002F0B3FD4FF0010E0EEBC8
:1033900010100399B1FBF0F0CDF808E0019002F0B5
:1033A000BFFD029901EB5070DDF804E0BEFBF0F0C8
:1033B0000890FFE7FFE7FFE708980AB080BD00002C
:1033C00010B58EB001460C900C980028029105D1E2
:1033D000FFE701208DF8370000F02ABC0C98006848
:1033E0008006002840F1AA80FFE702F0DDFB0A908A
:1033F00002F086FD09900A98002808D0FFE70A9895
:103400000C2858D1FFE70998012854D1FFE70C9800
:10341000C069002805D1FFE701208DF8370000F0D2
:1034200007BC0C98406A019002F006FDDDF804E04C
:10343000864514D9FFE70C98406A03F0C5FE0028C2
:1034400004D0FFE701208DF83700F1E30C98406AC3
:1034500002F01AFD0C98006A02F006FD13E00C98C9
:10346000406A02F011FD0C98006A02F0FDFC0C9815
:10347000406A03F0A9FE002804D0FFE701208DF880
:103480003700D5E3FFE7FFF7F3FE40F2300EC2F25C
:10349000000ECEF8000040F24800C2F200000068C2
:1034A000FFF7E6FA002804D0FFE701208DF8370087
:1034B000BEE3FFE741E00C98C069002822D0FFE797
:1034C00002F0B2FCFFF708FA0B90FFE702F0C6FC2F
:1034D00000280ED1FFE7FFF7FFF9DDF82CE0A0EBA5
:1034E0000E00032804D3FFE703208DF837009FE385
:1034F000ECE70C98406A02F0C7FC0C98006A02F0F6
:10350000B3FC19E002F088FCFFF7E6F90B90FFE747
:1035100002F0A4FC00280ED0FFE7FFF7DDF9DDF88C
:103520002CE0A0EB0E00032804D3FFE703208DF866
:1035300037007DE3ECE7FFE7FFE7FFE70C98006863
:10354000C007002861D0FFE702F02EFB089002F0D0
:10355000D7FC07900898082808D0FFE708980C289F
:103560000ED1FFE7079803280AD1FFE70C984068BF
:10357000002804D1FFE701208DF8370058E343E02D
:10358000FFE70C984068B0F5803F03D1FFE702F0F9
:103590001BFB02E002F010FBFFE7FFE70C9840681E
:1035A000002818D0FFE7FFF797F90B90FFE702F02C
:1035B00019FB00280ED1FFE7FFF78EF9DDF82CE0AC
:1035C000A0EB0E00652804D3FFE703208DF8370039
:1035D0002EE3ECE717E0FFF77FF90B90FFE702F02F
:1035E00001FB00280ED0FFE7FFF776F9DDF82CE0AD
:1035F000A0EB0E00652804D3FFE703208DF8370009
:1036000016E3ECE7FFE7FFE7FFE70C9800688007A9
:10361000002860D5FFE702F0C7FA069002F070FCC0
:1036200005900698042808D0FFE706980C2813D1C7
:10363000FFE7059802280FD1FFE70C98C068002823
:1036400004D1FFE701208DF83700F1E20C98006902
:1036500002F012FBFFE73DE00C98C06800281ED086
:10366000FFE702F0FBFAFFF737F90B90FFE702F0F4
:10367000FDFA00280ED1FFE7FFF72EF9DDF82CE068
:10368000A0EB0E00032804D3FFE703208DF83700DA
:10369000CEE2ECE70C98006902F0EEFA19E002F0D5
:1036A000D5FAFFF719F90B90FFE702F0DFFA0028CF
:1036B0000ED0FFE7FFF710F9DDF82CE0A0EB0E00CD
:1036C000032804D3FFE703208DF83700B0E2ECE7CE
:1036D000FFE7FFE7FFE70C98006800F00800082804
:1036E00007D0FFE70C980068C006002840F1C880AA
:1036F000FFE70C984069002800F08E80FFE70C98E7
:103700000068C006002856D5FFE702F055FB0028E8
:103710001AD1FFE702F048FBFFF7DEF80B90FFE756
:1037200002F04AFB00280ED1FFE7FFF7D5F8DDF8DD
:103730002CE0A0EB0E00032804D3FFE703208DF854
:10374000370075E2ECE7FFE702F046FBFFF7C4F84D
:103750000B90FFE702F048FB00280ED1FFE7FFF7D0
:10376000BBF8DDF82CE0A0EB0E00042804D3FFE743
:1037700003208DF837005BE2ECE70C98806902F0DB
:103780003BFB02F009FBFFF7A7F80B90FFE702F005
:1037900013FB00280ED0FFE7FFF79EF8DDF82CE0C2
:1037A000A0EB0E00032804D3FFE703208DF83700B9
:1037B0003EE2ECE72FE002F0F7FAFFF78DF80B900E
:1037C000FFE702F0F9FA00280ED1FFE7FFF784F8CF
:1037D000DDF82CE0A0EB0E00032804D3FFE7032064
:1037E0008DF8370024E2ECE702F0EEFAFFE702F092
:1037F000FBFA00280ED0FFE7FFF76EF8DDF82CE0AB
:10380000A0EB0E00042804D3FFE703208DF8370057
:103810000EE2ECE7FFE732E002F0D6FAFFF75CF8E1
:103820000B90FFE702F0E0FA00280ED0FFE7FFF769
:1038300053F8DDF82CE0A0EB0E00042804D3FFE7DA
:1038400003208DF83700F3E1ECE702F0A5FAFFF76B
:1038500043F80B90FFE702F0AFFA00280ED0FFE725
:10386000FFF73AF8DDF82CE0A0EB0E00032804D3B4
:10387000FFE703208DF83700DAE1ECE7FFE7FFE729
:103880000C980068400700287BD5FFE740F2004015
:10389000C5F600000068C00500281ED4FFE7FFF74A
:1038A000A7F9FFF719F80B90FFE740F20040C5F6C3
:1038B00000000068C00500280ED4FFE7FFF70CF8F1
:1038C000DDF82CE0A0EB0E00032804D3FFE7032073
:1038D0008DF83700ACE1E8E7FFE7FFE70C98806878
:1038E000012803D1FFE702F01FFA0FE00C9880686F
:1038F000052805D1FFE702F01FFA02F015FA04E0EF
:1039000002F002FA02F008FAFFE7FFE7FFE70C987F
:10391000806800281AD0FFE7FEF7DEFF0B90FFE774
:1039200002F01AFA002810D1FFE7FEF7D5FFDDF804
:103930002CE0A0EB0E0041F2893E704504D3FFE776
:1039400003208DF8370073E1EAE719E0FEF7C4FFC2
:103950000B90FFE702F000FA002810D0FFE7FEF717
:10396000BBFFDDF82CE0A0EB0E0041F2893E704574
:1039700004D3FFE703208DF8370059E1EAE7FFE7BA
:10398000FFE70C980068400600283AD5FFE70C983E
:10399000806A00281AD0FFE702F048F9FEF79CFF82
:1039A0000B90FFE702F04AF900280ED1FFE7FEF77F
:1039B00093FFDDF82CE0A0EB0E00032804D3FFE713
:1039C00003208DF8370033E1ECE719E002F026F927
:1039D000FEF782FF0B90FFE702F030F900280ED0CF
:1039E000FFE7FEF779FFDDF82CE0A0EB0E000328DF
:1039F00004D3FFE703208DF8370019E1ECE7FFE778
:103A0000FFE70C98C06A002800F00E81FFE702F083
:103A1000CBF804900C20C5F60000006803900C98C9
:103A2000C06A022840F0D080FFE7039800F003004E
:103A30000C99096B884229D1FFE7039800F07000C8
:103A40000C99496B884221D1FFE7039800F4FE40AE
:103A50000C99896BB1EB102F18D1FFE7039800F494
:103A600078100C99C96B884210D1FFE7039800F0D9
:103A700060600C99096C884208D1FFE7039800F058
:103A800060400C99496C88426FD0FFE704980C287D
:103A900066D0FFE74FF0B04000684001002804D531
:103AA000FFE701208DF83700C2E002F011FAFEF7BF
:103AB00013FF0B90FFE74FF0B04000688001002833
:103AC0000ED5FFE7FEF708FFDDF82CE0A0EB0E00B7
:103AD000032804D3FFE703208DF83700A8E0EAE7C6
:103AE0000C20C5F60000016848F28C02C1F2C11238
:103AF00011400C9A136BD2F834C0D2F838E0D46B72
:103B000043EA0C0343EA0E232343D2F840C043EABE
:103B10000C03526C1A4311430160009002F0E0F96B
:103B20000098016841F080510160FEF7D5FE0B90CE
:103B3000FFE74FF0B0400068800100280ED4FFE797
:103B4000FEF7CAFEDDF82CE0A0EB0E00032804D33C
:103B5000FFE703208DF837006AE0EAE7FFE703E0BC
:103B600001208DF8370063E02DE04FF0B040006891
:103B70008001002826D4FFE702F0B2F940F20C0ED3
:103B8000C5F6000EDEF8000040F08050CEF80000D0
:103B9000FEF7A2FE0B90FFE74FF0B04000688001F7
:103BA00000280ED4FFE7FEF797FEDDF82CE0A0EB2F
:103BB0000E00032804D3FFE703208DF8370037E019
:103BC000EAE7FFE7FFE72EE004980C2826D0FFE79E
:103BD00002F07EF9FEF780FE0B90FFE74FF0B04059
:103BE0000068800100280ED5FFE7FEF775FEDDF8BE
:103BF0002CE0A0EB0E00032804D3FFE703208DF890
:103C0000370015E0EAE70C20C5F6000001684FF622
:103C1000FC72CEF6FE621140016003E001208DF8D7
:103C2000370005E0FFE7FFE700208DF83700FFE7EA
:103C30009DF837000EB010BD83B001460190009191
:103C4000FFE7019890F82000012804D1FFE7022047
:103C50008DF80B002DE00198012180F82010FFE77E
:103C6000FFE70198022180F82110FFE70198006822
:103C7000CA2141620198006853214162FFE701981F
:103C80000068816841F020018160FFE701980068C9
:103C9000FF214162FFE70198012180F82110FFE731
:103CA0000198002180F82010FFE700208DF80B001C
:103CB000FFE79DF80B0003B07047000080B58AB0A5
:103CC00013468C46864608900791069240F23000D3
:103CD000C2F200000068400944F6D351C1F262010B
:103CE000A0FB010189094FF47A72514305910493B5
:103CF000CDF80CC0CDF808E00190FFE7089890F8E7
:103D00002000012804D1FFE702208DF82700CBE036
:103D10000898012180F82010FFE7FFE708980221AA
:103D200080F82110FFE708980068CA2141620898CE
:103D3000006853214162FFE70898006880684005E9
:103D4000002828D5FFE7FFE705980138059005987A
:103D5000002814D1FFE7FFE708980068FF214162BF
:103D6000FFE70898032180F82110FFE70898002159
:103D700080F82010FFE703208DF8270094E0FFE78C
:103D800008980068C06800F004000021B1EB900FB3
:103D9000DAD1FFE7FFE708980068816821F48061C5
:103DA000816008980068C06860F4906020F48060CA
:103DB00008990968C86040F23000C2F2000000684B
:103DC000400944F6D351C1F26201A0FB0101890907
:103DD0004FF47A72514305910090FFE7059801383E
:103DE00005900598002814D1FFE7FFE708980068C0
:103DF000FF214162FFE70898032180F82110FFE7C7
:103E00000898002180F82010FFE703208DF8270094
:103E10004AE0FFE708980068C06800F0040000214D
:103E2000B1EB900FDAD0FFE708980068816821F0C5
:103E3000070181600698089909688A6810438860BC
:103E4000079808990968486140F68000C5F60000A7
:103E5000016841F40021016040F60000C5F6000051
:103E6000016841F40021016008980068816841F40C
:103E70008041816008980068816841F480618160B8
:103E8000FFE708980068FF214162FFE708980121D9
:103E900080F82110FFE70898002180F82010FFE744
:103EA00000208DF82700FFE79DF827000AB080BDAD
:103EB00080B584B00146029002980028009104D198
:103EC000FFE701208DF80F0081E0029890F82100B3
:103ED000002808D1FFE70298002180F820100298FE
:103EE00000F07AF8FFE70298022180F8211002988A
:103EF0000068C06800F010000021B1EB101F53D122
:103F0000FFE7FFE702980068CA2141620298006853
:103F100053214162FFE7029803F09CF98DF80700F6
:103F20009DF80700002824D1FFE702980068816807
:103F30004FF6BF72CFF68F72114081600298016810
:103F40004268036980691A4310438A681043886095
:103F500002980168C06808610298016880680A696F
:103F600042EA00400861029803F0BCF98DF80700AE
:103F7000FFE79DF8070000280FD1FFE702980068CF
:103F8000C16C21F00301C164029801684269C069F3
:103F90001043CA6C1043C864FFE7FFE7029800684B
:103FA000FF214162FFE703E000208DF80700FFE7F3
:103FB0009DF80700002805D1FFE70298012180F84D
:103FC0002110FFE79DF807008DF80F00FFE79DF82F
:103FD0000F0004B080BD000080B598B00146179076
:103FE00003A8502202911146FCF70EF917980068B9
:103FF00042F60001C4F20001884225D1FFE74FF4E8
:10400000006003904FF48070139003A8FEF7FAFD50
:10401000002803D0FFE7FEF72DF8FFE701F092FD3F
:104020004FF4806001F0B4FB03204FF0000E0190CC
:1040300071467246FEF7A6FD0198FEF78BFD1798B4
:10404000FFF7FAFD0090FFE718B080BD80B584B09F
:104050000146029000200190029800684FF65F72BE
:10406000C0F20102C2600091FEF736FC0190FFE74A
:1040700002980068C068800600280FD4FFE7FEF7AA
:104080002BFCDDF804E0A0EB0E00B0F57A7F04D93C
:10409000FFE703208DF80F0004E0E9E700208DF82A
:1040A0000F00FFE79DF80F0004B080BD80B582B01F
:1040B000014601900198009103F08EFE02B080BD90
:1040C00084B00A4603460390ADF80A1001920093AB
:1040D00004B0704782B001460190009102B0704771
:1040E00082B001460190009102B0704782B0014653
:1040F0000190009102B0704782B00146019000919A
:1041000002B0704780B592B00146119011980068D6
:10411000C06910901198006800680F9011980068AD
:1041200080680E90109840F60F0210400D900D9888
:10413000002801911DD1FFE79DF84000800600286E
:1041400016D5FFE79DF83C008006002806D4FFE75F
:104150009DF83B00C00600280AD5FFE71198406F84
:10416000002804D0FFE71198416F8847FFE7A1E2DC
:10417000FFE70D98002800F01481FFE70E98012159
:10418000C1F20001084209D1FFE70F9840F2201167
:10419000C0F20041084200F00481FFE79DF84000B2
:1041A000C007002812D0FFE79DF83D00C007002897
:1041B0000CD0FFE711980068012101621198D0F836
:1041C000901041F00101C0F89010FFE79DF8400009
:1041D0008007002812D5FFE79DF83800C0070028A7
:1041E0000CD0FFE711980068022101621198D0F805
:1041F000901041F00401C0F89010FFE79DF84000D6
:104200004007002812D5FFE79DF83800C0070028B6
:104210000CD0FFE711980068042101621198D0F8D2
:10422000901041F00201C0F89010FFE79DF84000A7
:104230000007002819D5FFE79DF83C0080060028FC
:1042400007D4FFE70E980121C1F2000108420CD00B
:10425000FFE711980068082101621198D0F89010CA
:1042600041F00801C0F89010FFE79DF841000007F9
:10427000002813D5FFE79DF83F00400700280DD523
:10428000FFE7119800684FF4006101621198D0F8BF
:10429000901041F02001C0F89010FFE71198D0F87D
:1042A000900000287CD0FFE79DF8400080060028A1
:1042B00016D5FFE79DF83C008006002806D4FFE7EE
:1042C0009DF83B00C00600280AD5FFE71198406F13
:1042D000002804D0FFE71198416F8847FFE7FFE708
:1042E0001198D0F890000C9011980068806800F048
:1042F0004000402806D0FFE79DF8300010F0280F5E
:1043000044D0FFE7119804F00DF911980068806817
:104310004006002835D5FFE7FFE7FFE71198006862
:1043200050E8020F20F040000B90FFE70B98119926
:10433000096841E80202002AF0D1FFE7FFE711987F
:10434000D0F88000002817D0FFE71198D0F880003F
:1043500048F2E131C0F6000181631198D0F8800085
:10436000FDF7F4FE002806D0FFE71198D0F8800092
:10437000816B8847FFE703E01198FFF7BDFEFFE779
:1043800003E01198FFF7B8FEFFE708E01198FFF788
:10439000B3FE11984FF0000EC0F890E0FFE7FFE782
:1043A00088E11198C06E012840F02381FFE79DF855
:1043B0004000C006002840F11C81FFE79DF83C004A
:1043C000C006002840F11581FFE711980068102110
:1043D00001621198006880684006002840F1A780BB
:1043E000FFE71198D0F8800000684068ADF82A0017
:1043F000BDF82A0000287DD0FFE7BDF82A001199FA
:10440000B1F85C10884275DAFFE7BDF82A0011990F
:10441000A1F85E001198D0F880000068006880065E
:1044200000285AD4FFE7FFE7FFE71198006850E83B
:10443000000F20F480700990FFE70998119909682E
:1044400041E80002002AF0D1FFE7FFE7FFE7FFE7BE
:104450001198006850E8020F20F001000890FFE773
:1044600008981199096841E80202002AF0D1FFE793
:10447000FFE7FFE7FFE71198006850E8020F20F020
:1044800040000790FFE707981199096841E8020288
:10449000002AF0D1FFE7FFE711982021C0F88C1027
:1044A00011980021C166FFE7FFE71198006850E806
:1044B000000F20F010000690FFE706981199096898
:1044C00041E80002002AF0D1FFE7FFE71198D0F899
:1044D0008000FDF7D9FD0090FFE7119802210167E8
:1044E0001198B0F85C10B0F85E20891A89B2FFF715
:1044F000E7FD1BE0BDF82A001199B1F85C10884275
:1045000013D1FFE71198D0F880000068006880069A
:10451000002809D5FFE71198022101671198B0F82A
:104520005C10FFF7CDFDFFE7FFE7FFE7C2E0119862
:10453000B0F85C10B0F85E00081AADF816001198DB
:10454000B0F85E00002853D0FFE7BDF81600002841
:104550004ED0FFE7FFE7FFE71198006850E8000F33
:1045600020F490700490FFE704981199096841E8DD
:104570000002002AF0D1FFE7FFE7FFE7FFE711980D
:10458000006850E8020F4FF6FE71CEF6FF7108404A
:104590000390FFE703981199096841E80202002A95
:1045A000EDD1FFE7FFE711982021C0F88C1011989A
:1045B0000021C16611984167FFE7FFE71198006885
:1045C00050E8000F20F010000290FFE702981199C8
:1045D000096841E80002002AF0D1FFE7FFE71198DF
:1045E000022101671198BDF81610FFF769FDFFE77A
:1045F00060E09DF84200C00600280FD5FFE79DF857
:104600003A004006002809D5FFE7119800684FF4EA
:10461000801101621198FFF769FD4BE09DF84000A1
:104620000006002816D5FFE79DF83C00000600288C
:1046300006D4FFE79DF83A00000600280AD5FFE7F8
:104640001198806F002804D0FFE71198816F884788
:10465000FFE72FE09DF84000400600280AD5FFE75D
:104660009DF83C004006002804D5FFE7119803F0B0
:10467000ABFF1FE09DF84200000600280AD5FFE7C7
:104680009DF83F004006002804D5FFE71198FFF78A
:1046900027FD0FE09DF84300C00700280AD0FFE780
:1046A0009DF83F000006002804D5FFE71198FFF7AA
:1046B00011FDFFE712B080BD80B58AB013468C466D
:1046C000864608900791ADF81A200898D0F888001F
:1046D00020280493CDF80CC0CDF808E077D1FFE78F
:1046E0000798002805D0FFE7BDF81A00002804D17C
:1046F000FFE701208DF827006DE00798089908650D
:10470000BDF81A000899A1F85400BDF81A000899DC
:10471000A1F8560008980021C0F8901008982121AF
:10472000C0F888100898C06F002835D0FFE70898B7
:10473000C06F48F28941C0F60001C1620898C06F9D
:1047400048F20951C0F6000101630898C06F48F2B1
:104750000541C0F6000141630898C06F00218163E4
:1047600008980168026DC06F2831BDF81A300191B8
:104770001146019AFDF7FCFD00280CD0FFE70898D0
:104780001021C0F8901008982021C0F8881001204E
:104790008DF827001FE0FFE70898006840210162BC
:1047A000FFE7FFE70898006850E8020F40F080003C
:1047B0000590FFE705980899096841E80202002A78
:1047C000F0D1FFE7FFE700208DF8270003E002208B
:1047D0008DF82700FFE79DF827000AB080BD000094
:1047E00080B584B0014603900398006848F2000247
:1047F000C4F2000290420291019018D0FFE743F604
:104800000000C4F201000199814220D1FFE740F28B
:104810002C10C2F200000068002807D0FFE740F229
:104820002C10C2F2000000688047FFE710E040F261
:104830002810C2F200000068002807D0FFE740F20D
:104840002810C2F2000000688047FFE700E0FFE7A1
:1048500004B080BD82B001460190009102B0704763
:1048600070470000704700007047000080B50420CA
:10487000002101F0BBFF40F28800C2F20000006896
:10488000804780BD80B584B0EFF31080019001981F
:104890000090EFF3108072B6029040F60040C5F62B
:1048A0000000202100F0C0FF00980390039880F3DF
:1048B0001088FFF7DBFF04B080BD000080B500F07A
:1048C00023F840F60040C5F60000012100F080FF0B
:1048D00080BD000080B584B0EFF310800190019896
:1048E0000090EFF3108072B6029040F60040C5F6DB
:1048F0000000012100F0C0FF00980390039880F3AE
:10490000108804B080BD000080B582B0FFE740F29F
:10491000C410C2F2030001F0D9FC002826D1FFE741
:1049200040F2C410C2F2030001A901F0F3FC0198A7
:10493000407A0F2805D0FFE70198407A0E2805D16C
:10494000FFE70199022001F051FF04E001990520E1
:1049500001F04CFFFFE740F28C00C2F2000000685B
:1049600001990090084600998847D0E702B080BDC1
:1049700080B540F60040C5F60000012100F0AEFF12
:1049800080BD000080B582B04FF4801000F0C8FFF9
:104990004FF40070019001F09FF8019800F0D4FFEF
:1049A00040BF20BF01F0C4F802B080BD80B582B026
:1049B0004FF4801000F0D8FE40F60040C5F600002D
:1049C000019000F041FF019800F04AFF2C20FEF713
:1049D000C1F82D20FEF7BEF802B080BD80B586B0CC
:1049E000EFF31080039003980290EFF3108072B6FB
:1049F000049040F60040C5F60000082101900091A7
:104A000000F012FF02980590059880F3108840F29C
:104A10002410C2F20000006880470198009900F05D
:104A20005DFF06B080BD000080B586B001460290F3
:104A300040F60040C5F6000008220091114600F043
:104A40003BFF00281CD0FFE7029840F22411C2F27D
:104A500000010860EFF31080039003980190EFF3DA
:104A6000108072B6049040F60040C5F600000821A0
:104A700000F012FF01980590059880F3108809E076
:104A80000298804740F60040C5F60000082100F07B
:104A900025FFFFE706B080BD80B540F60040C5F6B3
:104AA0000000022100F08AFF00280DD0FFE740F649
:104AB0000440C5F600000068C0438007002803D505
:104AC000FFE700F06BF82FE040F60040C5F600006D
:104AD000012100F073FF00280DD0FFE740F60440ED
:104AE000C5F600000068C043C007002803D0FFE7F8
:104AF000FFF7E4FE17E040F60040C5F6000008218D
:104B000000F05CFF00280DD0FFE740F60440C5F63A
:104B100000000068C0430007002803D5FFE700F04D
:104B2000A7F8FFE7FFE7FFE780BD000080B584B08E
:104B3000EFF31080019001980090EFF3108072B6AF
:104B4000029040F60040C5F60000022100F06CFE25
:104B500000980390039880F3108800F003F804B0E5
:104B600080BD000080B582B040F20000C2F20300B8
:104B7000C168096807220190104601F037FE41F232
:104B80007810C2F2000000680199CA6812680090AB
:104B90001046009A904702B080BD000080B500F03A
:104BA00009F840F60040C5F60000022100F010FEB2
:104BB00080BD000080B582B0FFE740F2CC10C2F2A9
:104BC000030001F083FB002816D1FFE740F2CC1070
:104BD000C2F2030001A901F09DFB0199082001F038
:104BE00005FE41F27C10C2F20000006801990090BD
:104BF000084600998847E0E702B080BD80B584B0E0
:104C0000EFF31080019001980090EFF3108072B6DE
:104C1000029040F60040C5F60000022100F02CFE94
:104C200000980390039880F3108804B080BD0000C2
:104C300080B586B040F60040C5F600000221019024
:104C4000009100F04BFEEFF3108003900398029068
:104C5000EFF3108072B604900198009900F01CFEEA
:104C600002980590059880F3108806B080BD00007A
:104C700080B500F009F840F60040C5F600000821B4
:104C800000F0A6FD80BD000080B582B0FFE740F2D5
:104C9000DC10C2F2030001F019FB00280BD1FFE782
:104CA00040F2DC10C2F2030001A901F033FB0198CD
:104CB00003F0B8FAEBE702B080BD000080B584B025
:104CC000EFF31080019001980090EFF3108072B61E
:104CD000029040F60040C5F60000082100F0CCFD2F
:104CE00000980390039880F3108804B080BD000002
:104CF00080B540F60040C5F60000022100F0DCFD62
:104D000000280DD1FFE740F60440C5F6000000681A
:104D1000C0438003002803D5FFE7FFF707FF2FE01C
:104D200040F60040C5F60000082100F0C5FD00284F
:104D30000DD1FFE740F60440C5F600000068C0430F
:104D40000003002803D5FFE7FFF748FE17E040F611
:104D50000040C5F60000202100F0AEFD00280DD176
:104D6000FFE740F60440C5F600000068C04380023B
:104D7000002803D5FFE7FFF785FDFFE7FFE7FFE723
:104D800080BD0000B0B58FB09C4696460C460546E7
:104D90000A9009918DF82320079300208DF81A00BE
:104DA000EFF310800B900B980590EFF3108072B624
:104DB0000C90CDF810C0CDF80CE002940195FFE7FF
:104DC0009DF81A0000210528009110DCFFE79DF8EE
:104DD0001A0000EB400041F22821C2F2000101EB71
:104DE000C000007B002818BF01200090FFE700985A
:104DF000C007002806D0FFE79DF81A0001308DF8A3
:104E00001A00DDE79DF81A00062831D0FFE79DF86B
:104E10001A0000EB400041F22821C2F2000101EB30
:104E2000C0000122027305980D900D9880F3108840
:104E30000A989DF81A2002EB420201EBC2021061AF
:104E40009DF823009DF81A2002EB420201EBC202FA
:104E5000507307989DF81A2002EB420241F8320085
:104E60009DF81A000999087000208DF81B0008E0D1
:104E700005980E900E9880F3108801208DF81B0085
:104E8000FFE79DF81B000FB0B0BD000080B58CB0EF
:104E90000A4603468DF82700089105920493FFE720
:104EA00041F27040C2F200000168CA224A62006802
:104EB00053214162FFE742F60800C4F20000016896
:104EC00041F020010160006800F00700C0F104001B
:104ED00041F22421C2F20001087042F61000C4F22F
:104EE0000000006800F4FE004FF47E410A910A9928
:104EF0000029039004D1FFE720208DF82F0005E062
:104F00000A98B0FA80F08DF82F00FFE79DF82F0087
:104F1000039921FA00F0013040F28402C2F200024B
:104F2000107042F61000C4F2000000686FF3DF302A
:104F3000013041F28C13C2F2000318801888013846
:104F400012785043A0F5A07041F22422C2F2000270
:104F50001278D040069006984FF6FF72904208D320
:104F6000FFE740F24410C2F200004FF6FF710180EB
:104F700006E0069840F24411C2F200010880FFE703
:104F80004FF40020029000F099FD029800F06CFDB3
:104F90009DF82700002853D1FFE741F22520C2F2F7
:104FA00000000121017041F27410C2F200004FF0C4
:104FB000FF31016000208DF81F00FFE79DF81F0002
:104FC000052813DCFFE79DF81F0000EB400041F2CD
:104FD0002821C2F2000101EBC00000210173FFE7AC
:104FE0009DF81F0001308DF81F00E7E740F2161012
:104FF000C2F200000621017041F27040C2F20000CE
:1050000001688A6822F480628A600168C96861F474
:10501000906121F480610268D16040F60C01C5F610
:1050200000014FF400220A60032101900846FDF7B9
:1050300079FD019801688A6842F480428A6011E033
:1050400041F27040C2F200000068C06800F4806065
:105050000021B1EB902F04D0FFE70320FDF786FD80
:10506000FFE7FFE7FFE741F27040C2F2000000688F
:10507000FF214162FFE70320002200900099FDF725
:1050800081FD0098FDF766FD0CB080BD80B586B04F
:1050900013468C46864605908DF8131003920398AC
:1050A0000293CDF804C0CDF800E0804706B080BD83
:1050B00080B58AB0EFF31080049004980090EFF36D
:1050C000108072B60590FFE741F27040C2F2000016
:1050D0000168CA224A62006853214162FFE741F237
:1050E0007040C2F200000068816821F48061816034
:1050F00040F21610C2F2000000788DF807009DF80B
:10510000070000EB400041F22821C2F2000101EB50
:10511000C000007B022876D1FFE79DF8070000EB76
:10512000400041F22821C2F2000151F83000039002
:105130009DF8070000EB400001EBC0000069029001
:1051400041F22520C2F20000007800284FD0FFE78E
:105150009DF8070000EB400041F22821C2F2000157
:1051600001EBC000407B012824D1FFE79DF8070038
:10517000012103F0F7FD00980690069880F310884F
:105180009DF8070000EB400141F2282EC2F2000E0C
:105190000EEBC101496800F069F8FFE741F2704089
:1051A000C2F200000168CA224A62006853214162CB
:1051B000FFE715E000980790079880F310889DF8A6
:1051C000070000F0E1F8FFE741F27040C2F2000092
:1051D0000168CA224A62006853214162FFE7FFE783
:1051E00002989DF80710039AFFF750FF0AE002F0BB
:1051F000C3F8DDF800E0CDF820E0DDF820E08EF324
:105200001088FFE727E0FFE741F27040C2F200009C
:105210000068C06800F004000021B1EB900F01D1DC
:10522000FFE7F1E741F27040C2F200000168C9688F
:1052300061F4906121F480610068C16040F60C0067
:10524000C5F600004FF4002101600098099009980C
:1052500080F31088FFE7FFE741F27040C2F20000E0
:105260000068FF214162FFE70AB080BD80B58AB0C7
:105270000A4603468DF81B0005919DF81B0000EBC4
:10528000400041F22821C2F2000101EBC000007B86
:1052900002280292019305D1FFE79DF81B0000F060
:1052A00073F8FFE7EFF31080079007980390EFF390
:1052B000108072B608900320FDF740FCFFE741F232
:1052C0007040C2F200000168CA224A62006853219D
:1052D0004162FFE79DF81B0000EB400041F22821EE
:1052E000C2F2000101EBC0000222027305989DF892
:1052F0001B2002EB420201EBC202906005989DF870
:105300001B2002EB420201EBC20148609DF81B002A
:1053100005F036F9ADF8120040F21610C2F20000A6
:1053200000788DF8110041F27010C2F20000007890
:105330009DF81110884203D0FFE702F01DF80FE03E
:10534000BDF812009DF81B1001EB410141F228222B
:10535000C2F2000202EBC1018A68101A8860FFE7FE
:10536000FFE741F27040C2F200000068FF21416295
:10537000FFE70320FDF7EEFB03980990099880F3FF
:1053800010880AB080BD000080B586B001468DF857
:105390000B00EFF31080039003980190EFF310805F
:1053A00072B6049003200091FDF7C8FBFFE741F2BD
:1053B0007040C2F200000168CA224A6200685321AC
:1053C0004162FFE79DF80B0000EB400041F228210D
:1053D000C2F2000101EBC000007B02286BD1FFE7A5
:1053E0009DF80B00002103F0BDFC40F21610C2F244
:1053F000000000788DF80A009DF80A0006284BD1BD
:10540000FFE742F60800C4F20000006800F4806084
:105410000121B1EB902F10D1FFE7FFE741F270407F
:10542000C2F200000068C06800F004000121B1EB86
:10543000900F01D1FFE7F1E7FFE741F27040C2F2C0
:1054400000000068816821F480618160FFE741F21B
:105450007040C2F200000068C06800F00400002143
:10546000B1EB900F01D1FFE7F1E741F27040C2F2DA
:1054700000000168C96861F4906121F480610068EE
:10548000C16040F60C00C5F600004FF40021016039
:105490000320FDF747FB0DE041F27010C2F200005F
:1054A00000789DF80A10884203D0FFE701F064FFFE
:1054B000FFE7FFE7FFE7FFE741F27040C2F20000BD
:1054C0000068FF214162FFE70320FDF743FB0198DD
:1054D0000590059880F3108806B080BDB0B58CB0FB
:1054E0009C4696460C4605468DF82F000A91ADF86D
:1054F0002620089300208DF81F008DF81E009DF8CF
:105500002F0001460028CDF818C0CDF814E004940F
:105510000395029104D0FFE70298022817D02DE0EE
:10552000089840F22C11C2F20001086041F2944048
:10553000C2F2000043F60001C4F2010101600A99C1
:10554000BDF82620FFF7B8F88DF81F0017E008987F
:1055500040F22811C2F20001086041F2DC30C2F2D0
:10556000000048F20001C4F2000101600A99BDF890
:105570002620FFF7A1F88DF81F0000E0FFE79DF857
:105580001F0001460328019114D80199DFE801F0BA
:1055900002060A0E00208DF81E000CE001208DF896
:1055A0001E0008E002208DF81E0004E003208DF8A4
:1055B0001E0000E0FFE79DF81E000CB0B0BD00002B
:1055C000FFE7FEE77047000080B5FFF765FA80BD92
:1055D00080B5FFF78DFB80BD82B001460190019838
:1055E0000022026001984FF03F12426001983F2272
:1055F0008260009102B0704783B0014602900020A3
:1056000001900091FFE70198052817D8FFE702985D
:10561000019900EB810042F6CD11C0F60001416016
:105620000298019900EB810042F6ED11C0F60001ED
:10563000C161FFE7019801300190E4E703B07047D2
:1056400080B5502000F02CFA80BD000080B582B0FB
:1056500042F60000C4F20000019000F0B5FD002108
:10566000019800F0C7FD019800F0BAFD02B080BDBE
:10567000704700007047000084B001460390039813
:105680004822C5F600021368184310601068039A98
:105690001040029002980191009004B07047000001
:1056A00084B00146039003984C22C5F600021368AB
:1056B000184310601068039A1040029002980191FC
:1056C000009004B07047000084B001460390039836
:1056D0004C22C5F600021368184310601068039A44
:1056E0001040029002980191009004B070470000B1
:1056F00084B00146039003984C22C5F6000213685B
:10570000184310601068039A1040029002980191AB
:10571000009004B07047000084B0014603900398E5
:105720005022C5F600021368184310601068039AEF
:105730001040029002980191009004B07047000060
:1057400084B00146039003985022C5F60002136806
:10575000184310601068039A10400290029801915B
:10576000009004B07047000084B001460390039895
:105770005022C5F600021368184310601068039A9F
:105780001040029002980191009004B07047000010
:1057900084B00146039003985822C5F600021368AE
:1057A000184310601068039A10400290029801910B
:1057B000009004B07047000084B00A46034603908E
:1057C00002910298039988600192009304B0704797
:1057D00084B00A46034603900291029803998860B8
:1057E0000192009304B0704784B00A4603460390C8
:1057F000029102980399D1F804C040EA0C00486075
:105800000192009304B0704784B00A4603460390A7
:10581000029102980399D1F804C04CEA0040486014
:105820000192009304B0704784B00A460346039087
:10583000029102980399D1F804C04CEA00404860F4
:105840000192009304B0704782B001460190019824
:10585000026842F001020260009102B0704700004D
:1058600082B0014601900198026842F480320260E1
:10587000009102B07047000084B00A4603460390CE
:10588000029102980399D1F804C02CEA0000486004
:105890000192009304B0704784B00A460346039017
:1058A000029102980399D1F804C02CEA00404860A4
:1058B0000192009304B0704784B00A4603460390F7
:1058C00002910398C06802990840401AB0FA80F02B
:1058D00040090192009304B07047000084B00A466A
:1058E0000346039002910298000403998860019294
:1058F000009304B07047000084B001460390039801
:1059000040F24C12C5F6000213681843106010688C
:10591000039A1040029002980191009004B07047E1
:1059200084B001460390039840F25012C5F600027D
:105930001368184310601068039A10400290029890
:105940000191009004B0704782B001460190019827
:1059500040F6D402C5F600021368184310600091A7
:1059600002B0704784B00A46034603900291029841
:10597000039988610192009304B0704784B00A468D
:1059800003460390029102980399D1F814C040EAAB
:105990000C0048610192009304B0704784B00A463D
:1059A00003460390029102980399D1F814C04CEA7F
:1059B000004048610192009304B0704784B00A46E9
:1059C0000346039002910398C06902990840401A67
:1059D000B0FA80F040090192009304B070470000D3
:1059E00082B00146019040F28040C5F60000026896
:1059F00022F00702019B1A430260009102B0704737
:105A000082B00146019040F20810C5F6000002681D
:105A100022F0F002019B1A430260009102B070472D
:105A200042F20400CEF20400016841F0010101607D
:105A30007047000042F20400CEF20400016841F019
:105A4000020101607047000042F20000CEF2040043
:105A500000686FF31F30704742F20000CEF204007E
:105A60000068000C7047000082B001460190019868
:105A700040F68002C5F600021368184310600091DA
:105A800002B0704782B001460190019840F6900242
:105A9000C5F60002136818431060009102B0704709
:105AA00082B001460190019840F69002C5F60002CE
:105AB000136818431060009102B0704782B001462D
:105AC0000190019840F60002C5F6000213681843E1
:105AD0001060009102B0704782B0014601900198B9
:105AE00040F62002C5F600021368184310600091CA
:105AF00002B0704747F28450C1F6FF7000787047DB
:105B000047F28450C1F6FF700068000A7047000039
:105B100047F28050C1F6FF70006870474EF6105093
:105B2000CEF20000016821F004010160704700001E
:105B300040F20C40C5F60000016841F400410160EC
:105B4000704700009020C5F60000016841F4004154
:105B5000016070479020C5F60000016841F4803173
:105B6000016070479020C5F60000016841F4803163
:105B70000160704740F20810C5F60000006800F0B0
:105B80000F000001704700000820C5F60000006803
:105B900000F0F000704700009020C5F6000000689B
:105BA00000F44070704700000820C5F6000000684F
:105BB00000F00C00704700004FF0B040016821F485
:105BC00080310160704700004FF0B040016841F43F
:105BD00080310160704700004FF0B0400068C0F3B2
:105BE000005070474FF0B0400068C0F3404070472D
:105BF00082B0014601909C20C5F600004CF6FE22C2
:105C0000CCF6FE220260026822F47C52019B42EA3A
:105C100003220260009102B0704700009820C5F690
:105C20000000016821F00101016070479820C5F66D
:105C30000000016841F00101016070479820C5F63D
:105C400000000068C0F34000704700004FF0B04013
:105C5000016821F480710160704700004FF0B0408E
:105C6000016841F480710160704700004FF0B0405E
:105C70000068C0F38020704782B001460190042084
:105C8000C5F60000026822F0FE42019B42EA036270
:105C90000260009102B0704740F20810C5F60000A3
:105CA0000068C0F3404070470820C5F60000006857
:105CB000C0F30040704700009420C5F60000006863
:105CC000C0F38060704700000820C5F6000000683F
:105CD000C0F34040704700000820C5F6000000688F
:105CE000C0F38040704700009420C5F600000068B3
:105CF000C0F300707047000040F20810C5F60000C5
:105D00000068C0F3004070479020C5F600000168AD
:105D100021F00101016070479020C5F60000016884
:105D200021F00401016070479020C5F60000016871
:105D300041F00101016070479020C5F60000016844
:105D400041F00401016070479020C5F60000006832
:105D500000F00100704700009020C5F600000068C8
:105D6000C0F34000704700009020C5F600000068B6
:105D7000C0F340007047000082B0014601909020BF
:105D8000C5F60000026822F01802019B1A43026067
:105D9000009102B0704700009420C5F60000016831
:105DA00021F00101016070479420C5F600000168F0
:105DB00041F00101016070479420C5F600000068C1
:105DC000C0F34000704700009420C5F60000016851
:105DD00021F00401016070479420C5F600000168BD
:105DE00041F00401016070479420C5F6000000688E
:105DF000C0F3C0007047000082B0014601909420BB
:105E0000C5F60000026822F47062019B42EA032298
:105E10000260009102B070474FF0B040016821F07D
:105E200001010160704700004FF0B040016841F08F
:105E3000010101607047000081B04FF0B040006880
:105E400000F0F00000900098B12803D3FFE7B020E5
:105E50000090FFE7009801B0704700004FF0B0409D
:105E60000068C0F34000704782B0014601900420F2
:105E7000C5F60000026822F47F42019B42EA032239
:105E80000260009102B0704782B0014601904FF06D
:105E9000B040026822F0F002019B1A4302600091B8
:105EA00002B070474FF0B040016821F0806101609E
:105EB000704700004FF0B040016841F08061016020
:105EC000704700004FF0B0400068C0F3C0607047FA
:105ED0004FF0B040016821F0807101607047000010
:105EE0004FF0B040016841F08071016070470000E0
:105EF0000C20C5F60000006800F07000704700003C
:105F00000C20C5F60000006800F003007047000098
:105F10000C20C5F600000068C0F3062070470000A2
:105F20000C20C5F60000006800F0604070470000DB
:105F30004FF0B0400068C0F3406070479020C5F655
:105F40000000016821F48031016070479020C5F69F
:105F50000000016821F480310160704782B0014681
:105F600001908820C5F60000026822F04052019B93
:105F70001A430260009102B07047000082B00146EF
:105F8000019040F20810C5F60000026822F00F02EE
:105F9000019B42EA13120260009102B070470000B8
:105FA00082B0014601900820C5F60000026822F088
:105FB000F002019B1A430260009102B0704700009A
:105FC00082B0014601900820C5F60000026822F464
:105FD000E062019B1A430260009102B0704700002A
:105FE00082B0014601900820C5F60000026822F444
:105FF0006052019B1A430260009102B0704700009A
:1060000082B0014601908820C5F60000026822F0A7
:106010004062019B1A430260009102B07047000089
:1060200082B0014601900820C5F60000026822F403
:106030000042019B1A430260009102B070470000C9
:1060400082B0014601908820C5F600000268019BDD
:106050006FF47F2C6CEA131C02EA0C0203F47F43FA
:1060600042EA03120260009102B0704782B001461A
:1060700001908820C5F600000268019B4FF6FF7C66
:106080006CEA030C02EA0C0242EA0342026000914D
:1060900002B0704782B0014601908820C5F600002A
:1060A000026822F44062019B1A430260009102B030
:1060B0007047000082B0014601909420C5F60000B0
:1060C000026822F44042019B1A430260009102B030
:1060D0007047000082B0014601908820C5F600009C
:1060E000026822F04042019B1A430260009102B014
:1060F0007047000082B0014601909020C5F6000074
:10610000026822F44072019B1A430260009102B0BF
:106110007047000082B0014601908820C5F600005B
:10612000026822F44002019B1A430260009102B00F
:106130007047000082B0014601902420C5F600009F
:10614000026822F00302019B1A430260009102B030
:106150007047000082B0014601902420C5F600007F
:10616000026822F03002019B1A430260009102B0E3
:106170007047000082B0014601900820C5F600007B
:10618000026822F00302019B1A430260009102B0F0
:106190007047000082B0014601908820C5F60000DB
:1061A000026822F00302019B1A430260009102B0D0
:1061B0007047000080B582B00146019001980091BF
:1061C000FFF71EFF02B080BD82B00146019001982A
:1061D000CA224262019853224262009102B0704783
:1061E00082B0014601900198FF224262009102B004
:1061F0007047000084B00A4603460390029103985A
:10620000806820F007000299084303998860019292
:10621000009304B07047000080B541F2DC30C2F258
:106220000000FDF76FFF80BD82B00146019001982C
:10623000006001984060009102B0704788B00A4643
:10624000034604900391EFF31080059005980290A7
:10625000EFF3108072B60690049800680399086006
:1062600004980399486003980499086003980168AA
:10627000486002980790079880F310880192009375
:1062800008B0704788B00A46034604900391EFF3C4
:106290001080059005980290EFF3108072B606907A
:1062A000049803990860049840680399486003982B
:1062B000049948600398416808600298079007981D
:1062C00080F310880192009308B0704787B00146B0
:1062D0000390EFF31080049004980290EFF3108085
:1062E00072B60590039802688242009104D1FFE7DC
:1062F00001208DF8070003E000208DF80700FFE77C
:1063000002980690069880F310889DF8070007B061
:106310007047000080B588B00A4603460490039198
:10632000EFF31080059005980290EFF3108072B69D
:106330000690049800680399086004980068019228
:10634000009300F007F802980790079880F31088F0
:1063500008B080BD86B001460290EFF31080039034
:1063600003980190EFF3108072B6049002980268CF
:106370004068026002980268406850600198059089
:10638000059880F31088009106B0704780B582B000
:1063900000200190FAF76AFD0120FAF767FD02205C
:1063A000FAF764FD0198FAF7BDFD02B080BD000068
:1063B00083B00A4603468DF80B008DF80A109DF84D
:1063C0000A0000EB400041F22821C2F2000101EB7B
:1063D000C000407D8DF809009DF809000628019253
:1063E00000930ED0FFE79DF80B009DF8091001EB1C
:1063F000410141F22822C2F2000202EBC1010875FC
:10640000FFE79DF809009DF80B1001EB410141F2F7
:106410002822C2F2000202EBC10148759DF80A0071
:106420009DF80B1001EB410102EBC10108759DF8CD
:106430000B009DF80A1001EB410102EBC101487508
:1064400003B0704783B00A4603468DF80B008DF801
:106450000A109DF80A0040F21611C2F200010978F4
:1064600088420192009332D0FFE79DF80A0000EBCA
:10647000400041F22821C2F2000101EBC000007D82
:106480008DF809009DF80B009DF8092002EB4202EF
:1064900001EBC20250759DF80A009DF80B2002EB3B
:1064A000420201EBC20250759DF809009DF80B20D5
:1064B00002EB420201EBC20210759DF80B009DF841
:1064C0000A2002EB420201EBC201087516E09DF8BA
:1064D0000A009DF80B1001EB410141F22822C2F2A3
:1064E000000202EBC10148759DF80B009DF80A10EF
:1064F00001EB410102EBC1010875FFE703B07047F2
:10650000704700007047000080B5FFE744F21000BC
:10651000C5F600004FF400410160FFE701F000F80C
:10652000FBF72EFC80BD000080B582B001F036FD87
:1065300001F028FD41F27041C2F200010020FEF797
:10654000A5FCFAF715F901200190019902F0A4F8D1
:10655000FFF71CFFFAF724FF03F06CFD02B080BDCB
:1065600080B54FF0FF3002F05BF980BD80B50420AC
:10657000FFF782F80120FFF77FF80220FFF77CF891
:1065800080BD000080B50420FFF78AF80120FFF7E6
:1065900087F80220FFF784F880BD000080B541F243
:1065A000A030C2F2000040F60041C5F600010160D3
:1065B000FCF7A4F9002803D0FFE7FBF75BFDFFE73A
:1065C00080BD00007047000080B582B041F270408D
:1065D000C2F2000042F60001C4F200010160002195
:1065E00041600F22826047F6FF72C26001618161E3
:1065F000C1614161FDF75CFC002803D0FFE7FBF7B8
:1066000039FDFFE741F27040C2F200000021019124
:10661000019AFDF753FB002803D0FFE7FBF72AFDA3
:10662000FFE702B080BD000070470000FFE7FEE713
:106630007047000080B58BB013468C4686460A90A2
:10664000099108920A9800F0070007900798C0F196
:10665000070005280493CDF80CC0CDF808E003D35B
:10666000FFE70420019004E00798C0F107000190C3
:10667000FFE70198069007980430062803D8FFE743
:106680000020009003E0079803380090FFE700988F
:10669000059009980699012202FA01F10139084092
:1066A00005998840089B02FA01F101391940084315
:1066B0000BB080BD80B584B001468DF80F009DF809
:1066C0000F000028029114D1FFE741F28010C2F2BE
:1066D0000000006800280BD0FFE741F28010C2F2F2
:1066E0000000006800210190084601998847FFE7F3
:1066F00013E041F28010C2F20000006800280BD0C5
:10670000FFE741F28010C2F2000000680121009012
:10671000084600998847FFE7FFE704B080BD000006
:106720007047000084B001468DF80F0047F2F83042
:10673000C1F6FF7002900191FFE70298C0799DF8C1
:106740000F100022884200920AD0FFE7029847F219
:106750000001C1F6FF71401A18BF01200090FFE749
:106760000098C007002804D0FFE70298083802907C
:10677000E3E70298C0799DF80F10884203D0FFE745
:1067800000200290FFE7029804B0704780B588B0FF
:1067900013468C46864607900691059207980699FF
:1067A000059A04900393CDF808C0CDF804E0F9F7FA
:1067B00012FD04990090084608B080BD80B588B0ED
:1067C00013468C46864607900691059207989DF8D9
:1067D0001820059904900393CDF808C0CDF804E083
:1067E000F9F70BFD049808B080BD00008BB00A4695
:1067F00003468DF82B0009919DF82B0001460828CF
:1068000004920393029100F281800299DFE801F083
:10681000051B2824273F555E6E00099808900898AC
:10682000407A01460E28019109D0FFE701980F2810
:1068300004D0FFE70198FF2802D002E002E001E067
:1068400000E0FFE763E0099807900798C07A002806
:1068500001D0FFE7FFE75AE00998069057E056E0BD
:10686000099808900898407A01460E28009105D0B2
:10687000FFE700980F2808D1FFE707E00898807A23
:10688000042801D0FFE7FFE700E0FFE73FE00998B9
:1068900008900898407AFF2807D0FFE70898807A88
:1068A000002801D0FFE7FFE706E00898807A022879
:1068B00001D0FFE7FFE7FFE729E009980790079875
:1068C000C07A002801D0FFE7FFE720E00998059093
:1068D000059840780E2807D1FFE7059880780428AE
:1068E00001D0FFE7FFE700E0FFE710E0099808901C
:1068F0000898407AFF2801D0FFE706E00898807AE0
:10690000022801D0FFE7FFE7FFE700E0FFE70BB059
:106910007047000080B582B046F6B542C0F600026E
:1069200008200021019101F035FF41F26810C2F208
:1069300000000199017000F003F802B080BD000072
:1069400080B582B000200190FAF7CEFA41F26810CB
:10695000C2F200004FF0010E80F801E00199817051
:1069600080F803E0017102B080BD000080B584B002
:106970000146039003980078024600280291019294
:1069800004D0FFE70198012801D003E003E0FFF7FE
:10699000D7FF00E0FFE704B080BD000080B508200D
:1069A000002102F057F980BD80B586B00146059000
:1069B00005980078024600280491039208D0FFE76A
:1069C000039801280BD0FFE7039803280ED066E058
:1069D00041F26810C2F200000121017060E041F252
:1069E0006810C2F200000021017059E0059840686B
:1069F0000078002826D1FFE70598406840780128F4
:106A00000CD1FFE70020FAF78DFA41F26810C2F2CC
:106A100000004FF0010E80F802E0FFE705984068A3
:106A2000407800280DD1FFE700200290FAF75CFAC9
:106A300041F26810C2F20000DDF808E080F802E0E0
:106A4000FFE7FFE7059840680078012826D1FFE7B7
:106A500005984068407801280CD1FFE70020FAF73C
:106A600061FA41F26810C2F200004FF0010E80F8A6
:106A700002E0FFE705984068407800280DD1FFE765
:106A800000200190FAF730FA41F26810C2F20000DB
:106A9000DDF804E080F802E0FFE7FFE700E0FFE751
:106AA00006B080BD80B588B00A460346ADF81E002A
:106AB000069192208DF81700BDF81E004FF6426136
:106AC00088420492039313D1FFE740F26600C2F2BA
:106AD000000001888088069A6B461A600022022313
:106AE00002900846029903F0ABF88DF8170000E019
:106AF000FFE79DF8170008B080BD000080B590B09A
:106B000046F61150C0F6000001F066F8FFE78F204E
:106B10008DF83000E5208DF83100B3208DF832007B
:106B2000D5208DF833002E208DF834007F208DF88D
:106B300035004A208DF8360098208DF837002A203D
:106B40008DF8380048208DF839007A208DF83A0009
:106B5000CC208DF83B0040208DF83C00FE208DF8C5
:106B60003D0000208DF83E008DF83F00FFE740F229
:106B70006600C2F200006946086002200CA90122EA
:106B8000062302F02FFF0B90FFE719208DF830004D
:106B9000ED208DF8310082218DF83210AE218DF874
:106BA00033108DF8340021208DF835004C208DF8FD
:106BB00036009D208DF8370041208DF838004521A2
:106BC0008DF8391022218DF83A108E218DF83B1066
:106BD0008DF83C00FE208DF83D0000208DF83E0031
:106BE0008DF83F00FFE740F26600C2F2000030F887
:106BF000021B6A465061012010610A23D360906035
:106C000000205060062010600CAA02200A9008465E
:106C10000A990A9B02F0FAFD0990FFE719208DF806
:106C20003000ED208DF8310082218DF83210AE2138
:106C30008DF833108DF8340021208DF835004C206C
:106C40008DF836009D208DF8370041208DF83800F2
:106C500045208DF8390022208DF83A008E208DF8DD
:106C60003B0042208DF83C00FE208DF83D000020C6
:106C70008DF83E008DF83F00FFE740F26600C2F25B
:106C8000000030F8041B6A465061012010610A239D
:106C9000D360906000205060102010600CAA022089
:106CA000089008460899089B02F0B0FD079010B0C4
:106CB00080BD000080B582B041F26810C2F20000D1
:106CC0000079002807D1FFE741F26810C2F2000006
:106CD0000121017106E041F26810C2F200000021BA
:106CE0000171FFE741F26810C2F20000007800284D
:106CF0000BD0FFE741F26810C2F20000C11C4FF652
:106D00004260FFF7CFFE019000E0FFE702B080BDD8
:106D100080B58CB001460B9000208DF82B000B98AD
:106D20000130099009980078FF2802915CD1FFE7B3
:106D30000998023008900898008840F6014188427E
:106D400050D1FFE70898023007900798408840F23A
:106D50006601C2F2000189880231884218D1FFE73A
:106D600001208DF82B000798007AC007002807D073
:106D7000FFE700208DF80C0003A8FFF715FE06E0E2
:106D800001208DF80C0003A8FFF70EFEFFE728E0B6
:106D90000798408840F26601C2F20001498801313B
:106DA00088421DD1FFE74BF2EC40C0F6000003F033
:106DB000E7FD4FF0030E8DF80CE0DDF81CE09EF8C7
:106DC00006E08DF814E0DDF81CE00EF1080ECDF8B9
:106DD00010E00DF10C0E01907046FFF7E5FDFFE7A6
:106DE000FFE700E0FFE700E0FFE79DF82B000CB0B5
:106DF00080BD00007047000080B596B002A8502109
:106E00000190F9F701FA4FF4405002904FF480409E
:106E1000139000201490102015900198FBF7F2FEBB
:106E2000002803D0FFE7FBF725F9FFE716B080BD88
:106E300080B584B00146039000208DF807000091D2
:106E4000FFF730F8FBF748FD0290FFE7FFF73AF84D
:106E500000280ED0FFE7FBF73FFDDDF808E0A0EBD0
:106E60000E00032804D3FFE703208DF8070000E09D
:106E7000ECE79DF8070000283AD1FFE71020C5F69F
:106E80000000016821F4FE41039A126841EA0221E0
:106E90000160016821F47811039A5268114301607E
:106EA000FFF708F8FBF718FD0290FFE7FFF70AF875
:106EB00001280ED0FFE7FBF70FFDDDF808E0A0EB9F
:106EC0000E00032804D3FFE703208DF8070000E03D
:106ED000ECE79DF80700002809D1FFE70398006957
:106EE0001021C5F600010A6810430860FFE7FFE7BC
:106EF0009DF8070004B080BD80B584B001460390C2
:106F000000208DF807000091FEF7CCFFFBF7E4FCB2
:106F10000290FFE7FEF7D6FF00280ED0FFE7FBF751
:106F2000DBFCDDF808E0A0EB0E00032804D3FFE74C
:106F300003208DF8070000E0ECE79DF8070000282B
:106F40003AD1FFE71020C5F60000016821F4FE41A8
:106F5000039A126841EA02210160016821F0606130
:106F6000039A926811430160FEF7A4FFFBF7B4FC9B
:106F70000290FFE7FEF7A6FF01280ED0FFE7FBF720
:106F8000ABFCDDF808E0A0EB0E00032804D3FFE71C
:106F900003208DF8070000E0ECE79DF807000028CB
:106FA00009D1FFE7039800691021C5F600010A68BE
:106FB00010430860FFE7FFE79DF8070004B080BDBD
:106FC00080B584B00146039000208DF80700009141
:106FD000FEF768FFFBF780FC0290FFE7FEF772FF09
:106FE00000280ED0FFE7FBF777FCDDF808E0A0EB08
:106FF0000E00032804D3FFE703208DF8070000E00C
:10700000ECE79DF8070000283AD1FFE71020C5F60D
:107010000000016821F4FE41039A126841EA02214E
:107020000160016821F06041039AD2681143016058
:10703000FEF740FFFBF750FC0290FFE7FEF742FF30
:1070400001280ED0FFE7FBF747FCDDF808E0A0EBD6
:107050000E00032804D3FFE703208DF8070000E0AB
:10706000ECE79DF80700002809D1FFE703980069C5
:107070001021C5F600010A6810430860FFE7FFE72A
:107080009DF8070004B080BD80B594B00A46034661
:10709000129011914BF2C440C0F600000168D0F884
:1070A00004C0D0F808E0C0681090CDF83CE0CDF8FE
:1070B00038C00D914BF2C820C0F600000168D0F82E
:1070C00004C080680C90CDF82CC00A914BF2D440DB
:1070D000C0F600000168D0F804C0D0F808E0C0682D
:1070E0000990CDF820E0CDF81CC006910020059055
:1070F0001198B0F5007F019200931BD1FFE70020AB
:107100000390FFE70398032813D8FFE71298039929
:107110000DAA52F82110884206D8FFE7039806A965
:1071200051F82000059004E0FFE703980130039038
:10713000E8E71AE000200290FFE70298022813D83F
:10714000FFE7129802990AAA52F82110884206D83D
:10715000FFE7029806A951F82000059004E0FFE738
:10716000029801300290E8E7FFE744F20000C5F61C
:107170000000016821F00701059A11430160FBF747
:10718000ABFB0490FFE744F20000C5F60000006886
:1071900000F00700059988420ED0FFE7FBF79CFB43
:1071A000DDF810E0A0EB0E00032804D3FFE7032076
:1071B0008DF84F0004E0E6E700208DF84F00FFE770
:1071C0009DF84F0014B080BD80B588B0014607908F
:1071D0000798B128049107D3FFE74BF22430C0F69B
:1071E0000000C06A05900AE0079800F0F0008008EF
:1071F0004BF22431C0F6000108580590FFE70598CE
:107200000390FEF7B7FC4FF03C0E0EEA90004BF2F5
:10721000D42EC0F6000E5EF80000DDF80CE0BEFBD8
:10722000F0F0069006984DF6836EC4F21B3EA0FB6C
:107230000E0E4FEA9E4E0290CDF804E0FBF7D0FC14
:10724000DDF804E0009070460099FFF71DFF08B0DC
:1072500080BD000080B586B00146059000200490F6
:107260008DF80F0005980068C0684006002802915C
:1072700033D4FFE705980068C16841F08001C16020
:10728000FBF72AFB0490FFE705980068C06800211F
:1072900040060028019107D4FFE79DF80F00013850
:1072A00018BF01200190FFE70198C007002813D004
:1072B000FFE7FBF711FBDDF810E0A0EB0E00B0F5E7
:1072C0007A7F08D9FFE70598042180F82110012072
:1072D0008DF80F00FFE7D7E7FFE79DF80F0006B036
:1072E00080BD000080B584B00146039000208DF879
:1072F0000B0003980068C26822F08002C260039805
:10730000006880688006002801910FD4FFE7039889
:10731000FCF79CFE002808D0FFE70398042180F8C2
:10732000211001208DF80B00FFE7FFE79DF80B000F
:1073300004B080BD80B5FDF7BBFE80BD82B042F6D3
:107340002800C4F20000016889B20191006880B28F
:107350000090FFE70198009988420AD0FFE7009863
:10736000019042F62800C4F20000006880B200904C
:10737000F0E7009802B0704780B584B042F608008C
:10738000C4F20000006800F480600121B1EB902F8E
:1073900010D1FFE7FFE741F27040C2F20000006841
:1073A000C06800F004000121B1EB900F01D1FFE7AC
:1073B000F1E7FFE741F27040C2F200000068816827
:1073C00021F48061816040F21610C2F20000007862
:1073D0008DF80F009DF80F0000EB400041F22821CE
:1073E000C2F2000101EBC0008068029000F036F9A3
:1073F000ADF804000298BDF8041088420AD2FFE7F5
:107400000020ADF8060041F22520C2F20000012163
:10741000017027E00298BDF8041040F24412C2F255
:1074200000021288114488420ED9FFE740F244104E
:10743000C2F200000088ADF8060041F22520C2F239
:107440000000002101700CE00298BDF80410401A01
:10745000ADF8060041F22520C2F2000001210170C2
:10746000FFE7FFE7FFE79DF80F0006283BD0FFE7A7
:107470009DF80F0000EB400041F22821C2F200010C
:1074800001EBC0008068BDF8041088420DD2FFE710
:107490009DF80F0000EB400041F22821C2F20001EC
:1074A00001EBC000002181600FE0BDF804009DF8F1
:1074B0000F1001EB410141F22822C2F2000202EB5F
:1074C000C1018A68101A8860FFE79DF80F0000EB81
:1074D000400041F22821C2F2000101EBC000407DD2
:1074E0008DF80F00BFE7BDF8060000F047F804B0C4
:1074F00080BD000080B5FEF7DFFB00280ED0FFE75F
:10750000FEF7F2FB002809D1FFE7FBF771FBFBF761
:107510006FFBFEF71FFBFEF711FDFFE780BD0000CC
:1075200080B5FFF7E7FF00F001F880BD80B582B0BD
:107530004FF48010FEF7F0F840F60040C5F600006A
:107540004FF03F0E01907146CDF800E0FEF734F9A0
:1075500001980099FEF706FA01980099FEF754F990
:1075600001980099FEF71AFA01980099FEF73CF984
:1075700001980099FEF702FA02B080BD80B584B090
:107580000146ADF80E00BDF80E00002802910CD1A6
:10759000FFE7FFF7D3FE41F2741EC2F2000ECEF8F1
:1075A00000000320FBF7E2FA55E0BDF80E000128C9
:1075B00008DCFFE741F22420C2F200000078012835
:1075C00006D0FFE7BDF80E000138ADF80E00FFE76A
:1075D000FFE741F27040C2F200000068C06800F0AE
:1075E00004000021B1EB900F01D1FFE7F1E741F278
:1075F0007040C2F200000168C96861F4906121F432
:1076000080610268D16040F60C01C5F600014FF4BC
:1076100000220A60032101900846FBF783FA42F634
:107620001400C4F2000001684FF6FF729143BDF8E8
:107630000E2011440160FFF781FE41F27411C2F285
:1076400000010860019801688A6842F480628A60DB
:10765000AFF30080FFE704B080BD000080B582B0CA
:1076600041F27410C2F2000000680130002838D0E6
:10767000FFE7FFF763FE019041F27410C2F20000D1
:107680000068DDF804E0704509D3FFE741F27410AB
:10769000C2F2000000680199401A019010E041F226
:1076A0008C10C2F2000000880199401A009041F24B
:1076B0007410C2F200000068009908440190FFE7CE
:1076C000019840F28401C2F2000109784843019018
:1076D000019841F22421C2F200010978C8400190CA
:1076E00002E000200190FFE7BDF8040002B080BD79
:1076F00084B0014601900198029002980028009100
:1077000004D1FFE720208DF80F0005E00298B0FAC1
:1077100080F08DF80F00FFE79DF80F00C0F11F000B
:10772000C0B204B07047000080B588B00146079031
:1077300003A80290079800F10C02029B4FF66640E6
:107740004FF02F0C0191614603F052F80298807BB4
:1077500008B080BD80B588B00146079003A80290AC
:10776000079A029B4FF675404FF0100C019161464D
:1077700003F03EF80298807B08B080BD80B588B0E9
:107780000146079003A80290079800F10C02029BA3
:107790004FF668404FF00F0C0191614603F028F856
:1077A0000298807B08B080BD8AB001460990002015
:1077B0000890079006900590049003900290019025
:1077C00044F23C00C5F6000000686FF39F3008905B
:1077D00008980022C2F2030252F820000390039896
:1077E000006845F2B962CAF646129042009110D183
:1077F000FFE7039840690690039880690590039815
:10780000C06904900398C0680290039800690190D1
:107810001BE008980021C2F2030101EB80000790F1
:10782000079800680069069007980068406905900D
:107830000798006880690490079800684068029083
:107840000798006880680190FFE79DF81B00099980
:107850000870BDF81A00099948700698000A09993D
:1078600088709DF8180000090999C870069800F002
:107870000F00099908719DF8170009994871BDF822
:107880001600099988710598000A0999C871059828
:10789000099908720498099948729DF80B00099992
:1078A0008872BDF80A000999C8720298000A0999FD
:1078B00008739DF8070009994873BDF806000999F7
:1078C000887301980999C87300200AB070470000B6
:1078D00080B590B001460F9092208DF82D000F9842
:1078E00001300E900E980078024605280691059208
:1078F00009D0FFE705983E2831D0FFE70598FF281B
:1079000000F0A38051E10E98023009900998B0F878
:10791000010040F29001C2F20001C98A884209D1F7
:10792000FFE740F29000C2F200000021C18280F81F
:107930008010FFE701200490F9F768F940F2301059
:10794000C2F20000DDF810E080F800E040F29001A3
:10795000C2F20001C98A4180FFF708F826E10E98BB
:1079600002300D900D98007801460128039134D023
:10797000FFE70398032804D0FFE703980C2801D001
:1079800061E061E00D9801300890089800780028C7
:1079900001D1FFE700E0FFE740F29000C2F20000F3
:1079A000C08A0DF12F010DF12E0202F0C5FB8DF8FA
:1079B0002D009DF82D00002801D0FFE70CE09DF878
:1079C0002F00022806D1FFE79DF82E00022801D1E2
:1079D000FFE700E0FFE7FFE736E00D9801300A908F
:1079E00040F29000C2F2000090F881100290084628
:1079F000FDF7CAFC029890F88010042908D1FFE72F
:107A000040F29000C2F20000062180F8801007E0EA
:107A100040F29000C2F20000052180F88010FFE7DC
:107A20000A98B0F8010040F29001C2F20001C88249
:107A300040F23010C2F2000000220270C98A418078
:107A4000FEF794FF00E0FFE7B0E00E9802300C90E4
:107A50000C98008801460428019100F08F80FFE710
:107A60000198B0F5806F3AD0FFE740F201400199EC
:107A7000814270D0FFE740F20240019981422FD04D
:107A8000FFE740F20340019981423ED0FFE740F218
:107A900005400199814239D0FFE740F20740019942
:107AA00081426AD0FFE70198B0F5816F3FD0FFE7D0
:107AB00040F20940019981423BD0FFE740F20A4081
:107AC0000199814234D0FFE70198B0F5006F4DD0A5
:107AD000FFE740F60E40019981425CD064E063E02C
:107AE00040F29000C2F20000C08A4EF24021C0F283
:107AF000010101F0DDFB8DF82D009DF82D0000281F
:107B000001D0FFE700E0FFE74EE04DE040F29000DB
:107B1000C2F20000C08A01F075FA8DF82D009DF8C0
:107B20002D00002801D0FFE700E0FFE73CE03BE04C
:107B30003AE040F29000C2F20000C08A012101F058
:107B40005BFB8DF82D009DF82D00002801D0FFE78C
:107B500000E0FFE728E00C98023007900798807853
:107B6000002801D1FFE700E0FFE71DE041F22950C6
:107B7000C2F200000121017016E015E00120F9F7C2
:107B8000D1F940F29000C2F2000090F882000A2180
:107B9000FDF76CFB08E040F29000C2F20000C08AE2
:107BA00001F0D4FF0090FFE700E0FFE7012010B0F4
:107BB00080BD000080B540F25C00C2F200000021F0
:107BC000017140F26400C2F20000017000F016F88A
:107BD00080BD00007047000082B00146019001980E
:107BE00040F25C02C2F20002137942F823001079DD
:107BF00001301071009102B07047000080B5F9F7B4
:107C0000B5F8F9F731F9F9F7DDFBFAF7E7F8FAF724
:107C10001DFAFCF725FEFCF725FEFCF725FEFDF717
:107C2000D1FCFDF727FD00F019FBFEF76BFCFEF71A
:107C300065FF01F023F9FEF773FDF9F71BFAFEF774
:107C40005FFCFFF7C7FF80BD80B588B00146079095
:107C500007980130069000208DF8130006980078F0
:107C6000FF28039138D1FFE7069802300590059868
:107C700040784FF44061B1EB002F2BD1FFE700209B
:107C80008DF81100FFE79DF8110040F25C01C2F28F
:107C90000001097988421CDAFFE79DF8110040F2E3
:107CA0005C01C2F2000151F82000079902900846D9
:107CB000029988478DF813009DF81300002801D021
:107CC000FFE706E0FFE79DF8110001308DF8110095
:107CD000D9E700E0FFE700E0FFE79DF81300014669
:107CE0000028019108D0FFE7019801280AD0FFE79A
:107CF000019802280AD00DE00798FFF7E9FD8DF8FA
:107D000012000BE001208DF8120007E000208DF832
:107D1000120003E001208DF81200FFE79DF8120029
:107D200008B080BD7047000080B588B013468C460F
:107D30008646ADF81E008DF81D100692BDF81E0097
:107D400040F25801C2F200010A68A2F809009DF849
:107D50001D000A68D07208680C3006999DF81D2035
:107D60000593CDF810C0CDF80CE0F8F734FA41F2E5
:107D7000C021C2F20001096900220290104601915F
:107D80001146019A9047009008B080BD80B582B03E
:107D9000FFE740F23C10C2F20000FEF797FA00281D
:107DA00011D1FFE740F23C10C2F2000001A9FEF73A
:107DB000B1FA40F20000C2F20300006900690199C3
:107DC000FEF760FAE5E702B080BD000080B5012053
:107DD000F9F78AF880BD000080B584B001460290B2
:107DE00002980138B0F1807F019103D3FFE70120B1
:107DF00003901BE0029801384EF21401CEF200010C
:107E000008604FF0FF300F2101F0B6F84EF2180075
:107E1000CEF20000002101604EF21000CEF2000010
:107E20004FF0070EC0F800E00391FFE7039804B09D
:107E300080BD000080B5FAF7E9FD80BD80B59CB03B
:107E40000AA84821F8F7E0F9002009900890079067
:107E500006900590049003900190FAF7C9FE0198EE
:107E6000FDF78AFFFFE740F20040C5F60000016819
:107E7000012262F34A210160006800F4C0600290B0
:107E800002980090FFE706200A9000200B90012145
:107E90000C914FF480710D910F9040210E910221B1
:107EA000159116911790082018904FF4C020199042
:107EB0004FF0C0401B904FF0C0601A900AA8FBF72B
:107EC0007FFA002803D0FFE7FAF7D4F8FFE76F2026
:107ED00003900320049000200590069007900890DE
:107EE000099003A80121FBF72DF8002803D0FFE734
:107EF000FAF7C0F8FFE71CB080BD00004EF608504E
:107F0000CEF20000002101604EF68850CEF2000053
:107F1000026842F4700202604FF0B040026842F022
:107F2000010202600822C5F600024FF4E02313604C
:107F300002684FF6FB63CFF6F6231A4002609422E4
:107F4000C5F60002136823F0050313609822C5F6F6
:107F50000002136823F0010313600C22C5F600022F
:107F600041F20003C2F2042313601022C5F600029E
:107F70001360026822F4802202601820C5F6000017
:107F80000160704780B54FF40040FEF749F800F0FB
:107F900077FB0420FDF724FD80BD000080B5FDF7D0
:107FA00067FBFDF74DFBFDF751FB80BD80B586B04B
:107FB000014605900598039040F2C410C2F20300F8
:107FC00002900191FEF730F940F20000C2F2030086
:107FD0004068049003988068049908600398C0681A
:107FE0000499C860049840F65821C2F20301416028
:107FF000049802998160FCF76DFC0398006840F2D8
:108000008C01C2F2000108600398406840F28801C8
:10801000C2F200010860002006B080BD80B584B0C7
:108020000A4603460390ADF80A1040F20000C2F27F
:108030000300416809684FF0010C81F808C04068EE
:108040000168604601920093FEF7D0FBFCF790FCBC
:10805000002004B080BD000080B5FCF793FC80BD1B
:1080600080B540F20000C2F2030040F23411C2F2C7
:108070000301016040F25411C2F20301416040F279
:108080006411C2F20301816040F27411C2F2030173
:10809000016240F27C11C2F20301416240F284119C
:1080A000C2F20301C16040F28C11C2F2030101610E
:1080B00040F2A811C2F20301416140F2AC11C2F2D8
:1080C0000301816140F2B811C2F20301C161FCF702
:1080D0006DFC80BD80B584B001460390039840F2EA
:1080E0003C12C2F2000202901046029A019111461F
:1080F000FEF7C8F803990020FEF778FB47F68D508D
:10810000C0F60000FCF790FC04B080BD80B584B0E0
:108110000146039040F2D410C2F203000290019194
:10812000FEF782F840F23C10C2F20000FEF77CF845
:1081300040F20000C2F20300006941F29011C2F265
:108140000001086003988068D1F800E0CEF80800CC
:108150000398C068D1F800E0CEF80C000868DDF89C
:1081600008E0C0F810E0039800680A6810600398FF
:1081700040680A685060039800690A685061039873
:1081800040690968886104B080BD000080B586B090
:10819000014605900598039040F2CC10C2F203000E
:1081A00002900191FEF740F840F20000C2F2030095
:1081B000C068049003988068049908600498029944
:1081C0004160FCF71BFD0398006841F27811C2F290
:1081D000000108600398406841F27C11C2F200017E
:1081E0000860002006B080BD80B584B00A46034612
:1081F0000390ADF80A1040F20000C2F20300C1681B
:1082000009684FF0100C81F808C0C06801680620AA
:1082100001920093FEF7EAFAFCF70AFD002004B091
:1082200080BD000082B001460190009102B070470D
:1082300080B582B040F2DC10C2F203000190FDF77D
:10824000F3FF40F20000C2F203004069DDF804E0F1
:10825000C0F800E0FCF732FD02B080BD70470000BE
:1082600080B582B0014601900020009102F070FAC2
:1082700002B080BD80B584B0014603900398407A77
:108280000F28029105D0FFE70398407A0E280BD102
:10829000FFE7039940F23410C2F20000FDF7F2FF4D
:1082A000002001F017FF0BE0039940F24C00C2F2EE
:1082B00000000190FDF7E6FF019801F0FFFFFFE7E6
:1082C00004B080BD80B588B00146079040F23410FC
:1082D000C2F200000291FDF7A7FF079840F2580193
:1082E000C2F20001086040F24C00C2F20000FDF74B
:1082F0009BFF40F25400C2F200000121017041F2E4
:10830000C020C2F200000068002813D0FFE70798E1
:10831000059048F27520C0F60000039041F2C0209D
:10832000C2F20000006803A901900846019988473D
:108330000090FFE708B080BD80B588B00146079087
:10834000079840F27802C2F20002106040F26C001E
:10835000C2F200000391FDF767FF01200290F9F7D8
:10836000CDFC40F27400C2F200000299017041F2AB
:108370002C50C2F200000068002818D0FFE70798D0
:10838000069048F26120C0F60000049048F2B53033
:10839000C0F60000059041F22C50C2F200000068C7
:1083A00004A901900846019988470090FFE708B0AA
:1083B00080BD000080B584B001460390039840F270
:1083C0006C02C2F2000202901046029B0191194613
:1083D0000092FDF757FF009802F0ECF904B080BD61
:1083E00080B584B0014603900398806A0290029899
:1083F0000022A0F85E2002980191FBF77DFE04B0F8
:1084000080BD000080B586B0014605900598806A61
:1084100004900498D0F8880003900498D0F88C0059
:1084200002900498006880680006002801910CD52D
:10843000FFE70398212808D1FFE704980021A0F85E
:108440005610049800F0E4F8FFE70498006880688C
:10845000400600280CD5FFE70298222808D1FFE744
:1084600004980021A0F85E10049800F05BF8FFE784
:108470000498D0F8901041F01001C0F890100498C2
:10848000FBF73AFE06B080BD80B586B00146059088
:108490000598806A049005980068006880060028A6
:1084A00001912BD4FFE704980021A0F85610FFE7B4
:1084B000FFE70498006850E8020F20F08000039066
:1084C000FFE703980499096841E80202002AF0D105
:1084D000FFE7FFE7FFE7FFE70498006850E8000FB9
:1084E00040F040000290FFE702980499096841E8D3
:1084F0000002002AF0D1FFE7FFE703E00498FCF751
:108500006FF9FFE706B080BD80B584B001460390E7
:108510000398806A029002980191FCF79BF904B0DD
:1085200080BD000085B0014604900091FFE7FFE7A1
:108530000498006850E8000F20F490700390FFE763
:1085400003980499096841E80002002AF0D1FFE786
:10855000FFE7FFE7FFE70498006850E8020F4FF6D7
:10856000FE71CEF6FF7108400290FFE70298049971
:10857000096841E80202002AEDD1FFE7FFE704980D
:10858000C06E012814D1FFE7FFE7FFE704980068F9
:1085900050E8000F20F010000190FFE701980499C7
:1085A000096841E80002002AF0D1FFE7FFE7FFE792
:1085B00004982021C0F88C1004980021C16604980A
:1085C000416705B07047000080B584B00146039054
:1085D0000191FFE7FFE70398006850E8000F20F0E3
:1085E00040000290FFE702980399096841E8000201
:1085F000002AF0D1FFE7FFE703982021C0F8881098
:108600000398002181670398FCF7EAF804B080BD65
:1086100084B0014603900091FFE7FFE703980068EC
:1086200050E8000F20F0C0000290FFE70298039985
:10863000096841E80002002AF0D1FFE7FFE7FFE701
:10864000FFE70398006850E8020F20F40000019053
:10865000FFE701980399096841E80202002AF0D176
:10866000FFE7FFE703982021C0F8881004B07047A7
:1086700080B541F29440C2F20000FBF743FD80BD9B
:1086800041F28810C2F200000021016040F228008F
:10869000C2F200000160704789B00A4603460590A7
:1086A0008DF81310EFF31080069006980390EFF307
:1086B000108072B607909DF81300014600280292C0
:1086C000019300910DD0FFE70098012813D1FFE737
:1086D000059840F22801C2F200010A6810430860C0
:1086E0000AE0059840F22801C2F200010A6822EA75
:1086F0000000086000E0FFE703980890089880F306
:10870000108809B07047000082B001468DF807005C
:10871000009102B07047000080B584B00A4603465D
:10872000039002910398C0430192009300F078F8FF
:1087300004B080BD7047000086B001460290EFF3A0
:108740001080039003980190EFF3108072B60490AC
:10875000029840F23402C2F20002136823EA0000D9
:10876000106001980590059880F31088009106B07C
:10877000704700007047000082B0014601900091F0
:1087800002B070477047000082B00146019000912E
:1087900002B0704780B58CB013468C468646089070
:1087A00007910692EFF31080099009980590EFF376
:1087B000108072B60A9006980899049008460393B0
:1087C000CDF808C0CDF804E0FEF792FF41F2941115
:1087D000C2F20001049A41F8202005980B900B98F2
:1087E00080F310880CB080BD86B001460290EFF394
:1087F0001080039003980190EFF3108072B60490FC
:10880000029840F23402C2F200021368184310606A
:1088100001980590059880F31088009106B0704784
:1088200080B598B00146119040F22C00C2F20000D1
:1088300002680E92119A03681A40026041F22020E9
:10884000C2F2000000680D9040F21C10C2F200005D
:1088500000680C9040F23400C2F2000000680B90F7
:1088600040F22010C2F2000000680A900391FFE776
:108870000D980B99084040F22C01C2F200010968E2
:1088800000220842029208D0FFE70C980A9908409B
:10889000B0FA80F040090290FFE70298C007002874
:1088A00000F05881FFE700201090FFE7109841F298
:1088B0001821C2F2000151F830000B99084040F233
:1088C0002C01C2F200010968084204D1FFE71098A8
:1088D00001301090EAE7109841F21821C2F200012D
:1088E00051F830000B9A104040F22C02C2F2000204
:1088F000126810400F90109801EBC00040680F996B
:1089000008420BD1FFE7109841F21821C2F2000192
:1089100001EBC0004FF0FF314160FFE741F2202042
:10892000C2F2000000680890109841F21821C2F2CB
:10893000000101EBC000406841F21421C2F20001C5
:108940000A6862EA000008600868089921EA0000E5
:10895000089008980F99084205D0FFE708980F99EA
:1089600008400F9000E0FFE70898002807D1FFE7D4
:1089700041F21420C2F2000000210160FFE70F98CD
:10898000109941F21822C2F2000202EBC1014968BB
:108990000840FEF7ADFE40F21811C2F20001086077
:1089A000EFF31080129012980790EFF3108072B6D8
:1089B00013900868012101FA00F041F22022C2F26E
:1089C0000002D2F800E02EEA000010601091FFE7EC
:1089D000109800281AD0FFE740F21810C2F20000E9
:1089E0000068012101FA00F0109941F21822C2F248
:1089F000000202EBC10151F8082C22EA000041F804
:108A0000080CFFE7109801381090E1E707981490E0
:108A1000149880F3108840F21810C2F20000016828
:108A200001900846FFF7B0FE019801681F2900F287
:108A30008C80FFE740F21810C2F20000006841F29B
:108A40009411C2F2000151F8200000287DD0FFE708
:108A500000200690FFE70698002820D1FFE740F2AB
:108A60001810C2F200000068012101FA00F0069916
:108A700041F21822C2F2000202EBC1014B6823EA64
:108A800000004860069802EBC0004068069909AAF9
:108A900042F82100FFE7069801300690DBE740F23C
:108AA0001810C2F20000006841F29411C2F20001F5
:108AB00051F82000804700200590FFE70598002826
:108AC00012D1FFE7059809A951F8201041F21822A8
:108AD000C2F2000202EBC000426811404160FFE7B1
:108AE000059801300590E9E740F21810C2F2000045
:108AF000016800900846FFF73FFE41F22020C2F2D5
:108B0000000000680D9040F21C10C2F200000068E6
:108B10000C9040F23400C2F2000000680B9040F26A
:108B20002010C2F2000000680A90009801684FF01F
:108B3000010E0EFA01F141F2142EC2F2000EDEF81F
:108B400000201143CEF8001003E00020FFF7DCFD09
:108B5000FFE78DE640F21810C2F200004FF0FF313F
:108B600001600C9840F22011C2F20001096808422D
:108B70004BD1FFE7FFF706FEEFF3108ECDF854E080
:108B8000DDF854E0CDF810E0EFF3108E72B6CDF8BA
:108B900058E041F2202EC2F2000EDEF800E0CDF8DF
:108BA00034E040F21C1EC2F2000EDEF800E0CDF808
:108BB00030E040F2340EC2F2000EDEF800E0CDF8F4
:108BC0002CE0DDF834E00B9800EA0E0040F22C0EA9
:108BD000C2F2000EDEF800E010EA0E0F0DD1FFE742
:108BE0000C9840F22011C2F200010968084203D13A
:108BF000FFE7FFF79FFDFFE7FFE70498179017983F
:108C000080F31088FFF7B6FDFFE70E9840F22C01C5
:108C1000C2F20001086018B080BD000086B00146B5
:108C20000290EFF31080039003980190EFF310800F
:108C300072B60490029840F21C12C2F2000213684D
:108C40001843106001980590059880F310880091F2
:108C500006B0704780B588B00A4603460490039179
:108C6000EFF31080059005980290EFF3108072B634
:108C70000690049841F22021C2F20001D1F800C010
:108C800040EA0C0008600498039941F2182CC2F2E3
:108C9000000C5CF831E040EA0E004CF8310002981C
:108CA0000790079880F310880192009308B080BD68
:108CB00080B58AB00146069040F21810C2F200005A
:108CC00002680492006801300028019103D1FFE797
:108CD0000020039009E040F21810C2F20000006882
:108CE000012101FA00F00390FFE740F22010C2F2E8
:108CF00000000168059106990160FFE740F21C1031
:108D0000C2F2000000680699084205D1FFE7039807
:108D10000699FFF701FDF1E7049840F21811C2F23D
:108D200000010860EFF31080079007980290EFF3BE
:108D3000108072B60890069840F21C11C2F2000131
:108D40000A6822EA0000086002980990099880F3F6
:108D50001088059840F22011C2F2000108600AB0A4
:108D600080BD000083B00A4603468DF80B008DF8E5
:108D70000A109DF80B0040F21611C2F200010978AA
:108D800088420192009317D1FFE740F21610C2F219
:108D90000000017841F27012C2F2000211709DF8D9
:108DA0000B1001EB410141F22822C2F2000202EB5A
:108DB000C101497D01703CE09DF80B0000EB4000D3
:108DC00041F22821C2F2000101EBC000007D8DF8C4
:108DD00009009DF80B0000EB400001EBC000407D56
:108DE0008DF808009DF80B0000EB400001EBC0007F
:108DF000407D9DF8092002EB420201EBC20148755B
:108E00009DF80800062813D0FFE79DF80B0000EB43
:108E1000400041F22821C2F2000101EBC000007DB8
:108E20009DF8082002EB420201EBC2010875FFE742
:108E3000FFE79DF80B0000EB400041F22821C2F251
:108E4000000101EBC0000121017340F21610C2F2D3
:108E50000000007806280DD1FFE79DF80A000028E1
:108E600008D1FFE741F27410C2F200004FF0FF3169
:108E70000160FFE703B07047FFE7FEE770470000BF
:108E800082B001468DF807009DF907000028009187
:108E90000FDBFFE79DF9070000F01F01012202FA36
:108EA00001F140094EF28022CEF2000242F8201079
:108EB000FFE702B07047000082B001468DF807005E
:108EC0009DF907000028009113DBFFE79DF90700DB
:108ED00000F01F01012202FA01F140094EF2801256
:108EE000CEF2000242F82010BFF34F8FBFF36F8F16
:108EF000FFE702B07047000082B001468DF807001E
:108F00009DF90700002800910FDBFFE79DF907009E
:108F100000F01F01012202FA01F140094EF2001295
:108F2000CEF2000242F82010FFE702B070470000C6
:108F30004EF60C50CEF200000068C0F302207047DD
:108F400082B001468DF807009DF9070000280091C6
:108F50000FDBFFE79DF9070000F01F01012202FA75
:108F600001F140094EF20022CEF2000242F8201038
:108F7000FFE702B07047000084B00A4603468DF850
:108F80000F0002919DF90F000028019200930ADB67
:108F9000FFE7029800019DF90F104EF20042CEF259
:108FA000000288540BE0029800019DF80F1001F0B8
:108FB0000F014EF61452CEF200028854FFE704B0BF
:108FC0007047000084B001460390039800F007004A
:108FD00001904EF60C50CEF2000002680292029A06
:108FE0004FF6FF031A400292029A019B42EA0322C3
:108FF0000023C0F2FA531A430292029A02600091CF
:1090000004B0704780B5D0B00146ADF83C010DF119
:109010002500089000228DF81F200692BDF83C31F3
:10902000DDF820C0ACF80030069B0233069349AB54
:109030004FF0180C059018460491114603926246B1
:109040000293FDF7BBFB3F21ADF824119521ADF84C
:10905000261105994B91069A4C920DF11F024D92E3
:1090600001224E92029A01901046039901F074F980
:10907000B0F1FF3F04DCFFE7FF208DF83F0104E083
:109080009DF81F008DF83F01FFE79DF83F0150B0AC
:1090900080BD000080B58CB000208DF8130005A9BC
:1090A000182203900846039B02911946FDF786FBA0
:1090B0003F21ADF814109221ADF816100DF11301F7
:1090C000099101210A91029901900846039901F042
:1090D00043F9B0F1FF3F04DCFFE7FF208DF82F00DC
:1090E00004E09DF813008DF82F00FFE79DF82F0096
:1090F0000CB080BDF0B5D9B0DDF87CC1DDF878E109
:109100001C4615460E4607468DF862018DF8611122
:109110008DF8602157930DF1450010900EA90022A3
:1091200007230C9008460B9111460A921A46CDF877
:1091300024C0CDF820E00794069505960497039384
:10914000FDF73CFB0A990D919DF86221109B1A7066
:109150000D9A01320D929DF86121109B5A700D9A63
:1091600001320D929DF86021109B9A700D9A013288
:109170000D9251AA18230290104601921A46FDF74B
:109180001DFB3F21ADF844118A21ADF846110C9921
:1091900053910D9A54920B9A5592039B5693DDF876
:1091A00004C0009060460A9901F0D6F8B0F1FF3F84
:1091B00004DCFFE7FF208DF8630119E09DF838001B
:1091C000002805D0FFE79DF838008DF863010FE017
:1091D000BDF8390057990880BDF83B005E990880BA
:1091E000BDF83D005F99088000208DF86301FFE71E
:1091F0009DF8630159B0F0BD80B5D2B00A46034670
:10920000ADF844018DF843110DF1290009900021BA
:109210008DF823100791BDF844C1DDF824E0AEF8C5
:1092200000C0DDF81CC00CF1020CCDF81CC09DF88C
:1092300043C1DDF824E08EF802C0DDF81CC00CF15B
:10924000010CCDF81CC00DF5947C4FF0180E069063
:1092500060460591049272460393CDF808C0FDF76D
:10926000ADFA3F21ADF82811A521ADF82A110699D4
:109270004C91079A4D920DF123024E9201224F928A
:10928000029A01901046059901F066F8B0F1FF3F8F
:1092900004DCFFE7FF208DF8470104E09DF8230080
:1092A0008DF84701FFE79DF8470152B080BD0000EF
:1092B00080B5D2B00A460346ADF8440150910DF195
:1092C0002900099000218DF823100791BDF844C1B1
:1092D000DDF824E0AEF800C0DDF81CC00CF1020C93
:1092E000CDF81CC0DDF840C1DDF824E0CEF802C0A6
:1092F000DDF81CC00CF1040CCDF81CC00DF5947CFD
:109300004FF0180E06906046059104927246039342
:10931000CDF808C0FDF752FA3F21ADF82811882199
:10932000ADF82A1106994C91079A4D920DF123023E
:109330004E9201224F92029A01901046059901F037
:109340000BF8B0F1FF3F04DCFFE7FF208DF8470189
:1093500004E09DF823008DF84701FFE79DF84701E1
:1093600052B080BD2DE9F047D6B0DDF888C1DDF8F8
:1093700084E1609C5F9D5E9E1F46904689468246C2
:109380008DF856018DF855118DF854218DF8533113
:109390008DF852618DF851518DF850418DF84FC1C3
:1093A0000DF135000C9000218DF82F100A919DF8D9
:1093B00056210C9B1A700A9A01320A929DF8552187
:1093C0000C9B5A700A9A01320A929DF854210C9B08
:1093D0009A700A9A01320A929DF853210C9BDA7016
:1093E0000A9A01320A929DF852210C9B1A710A9A2C
:1093F00001320A929DF851210C9B5A710A9A01324E
:109400000A929DF850210C9B9A710A9A01320A9295
:10941000619A0C9BC3F807200A9A04320A929DF8BD
:109420004F210C9BDA720A9A01320A924DAA182334
:1094300009901046089107921A46CDF818E0059752
:10944000CDF81080CDF80C90CDF808A0FDF7B6F956
:109450003F21ADF834118621ADF8361109994F91AD
:109460000A9A50920DF12F02519201225292079ABC
:1094700001901046089900F06FFFB0F1FF3F04DC47
:10948000FFE7FF208DF8570104E09DF82F008DF8CD
:109490005701FFE79DF8570156B0BDE8F08700007F
:1094A0002DE9F04FDDB0DDF8B0C1DDF8ACE16A9C2C
:1094B000699D689E679FDDF89881994692468B4624
:1094C0000D900C900D988DF87201ADF87011ADF8FB
:1094D0006E218DF86D318DF86C818DF86B718DF882
:1094E0006A51ADF868E1ADF866C10DF14D01129118
:1094F00001F108029DF86B31134411939DF86B3113
:109500001A449DF86A311A440132109200228DF8F3
:109510003F200E929DF87231DDF848C08CF8003083
:109520000E9B01330E93BDF87031DDF848C0ACF8E6
:1095300001300E9B02330E93BDF86E31DDF848C04A
:10954000ACF803300E9B02330E939DF86D31DDF8BD
:1095500048C08CF805300E9B01330E939DF86C319A
:10956000DDF848C08CF806300E9B01330E939DF851
:109570006B31DDF848C08CF807300E9B01330E9339
:10958000129B03F10800689B9DF86BC10B91194673
:109590000A92624609940896CDF81C90CDF818A05E
:1095A000CDF814B0FDF7F2F89DF86B110E9A114446
:1095B0000E919DF86A11119A11700E9901310E9158
:1095C000119901316A9A9DF86A3104900846114652
:1095D0001A46FDF7DBF89DF86A110E9A11440E91B8
:1095E000BDF86811109A11800E9902310E91BDF8E4
:1095F0006611109A51800E9902310E9153A91822CA
:10960000039008460A9B02911946FDF7D7F83F21BF
:10961000ADF84C118321ADF84E110B9955910E9A6E
:1096200056920DF13F02579201225892029A0190F0
:1096300010460A9900F090FEB0F1FF3F04DCFFE70E
:10964000FF208DF8730104E09DF83F008DF8730151
:10965000FFE79DF873015DB0BDE8F08F80B5D0B035
:1096600001468DF83E010DF12500089000228DF88D
:109670001F2006929DF83E31DDF820C08CF80030A6
:10968000069B0133069349AB4FF0180C0590184622
:1096900004911146039262460293FDF78FF83F2131
:1096A000ADF824118521ADF8261105994B91069A44
:1096B0004C920DF11F024D9201224E92029A01909E
:1096C0001046039900F048FEB0F1FF3F04DCFFE7CD
:1096D000FF208DF83F0104E09DF81F008DF83F0149
:1096E000FFE79DF83F0150B080BD000080B58CB011
:1096F00000208DF8130005A9182203900846039B4B
:1097000002911946FDF75AF83F21ADF81410812156
:10971000ADF816100DF11301099101210A9102997A
:1097200001900846039900F017FEB0F1FF3F04DCFA
:10973000FFE7FF208DF82F0004E09DF813008DF85F
:109740002F00FFE79DF82F000CB080BD10B5D2B000
:109750000A4603468DF8460150910DF12900099003
:1097600000218DF8231007919DF846C1DDF824E013
:109770008EF800C0DDF81CC00CF1010CCDF81CC047
:10978000DDF824C00CF1010CDDF840E19DF8464104
:109790000690604605917146049222460393FCF7B9
:1097A000F5FF9DF84611079A114407914AA918221E
:1097B00002900846059B01911946FCF7FFFF3F21E7
:1097C000ADF828118E21ADF82A1106994C91079A0F
:1097D0004D920DF123024E9201224F92019A009078
:1097E0001046059900F0B8FDB0F1FF3F04DCFFE73B
:1097F000FF208DF8470104E09DF823008DF8470114
:10980000FFE79DF8470152B010BD00002DE9F04F71
:10981000DFB0DDF8B4C1DDF8B0E16B9C6A9D699EF4
:10982000689F984691468A468346ADF878018DF840
:1098300077115C92ADF86E318DF86D718DF86C61B9
:109840008DF86B518DF86A418DF869E10DF1510089
:10985000139003309DF877110129CDF838C0CDF869
:109860003480CDF83090CDF82CA0CDF828B00990F8
:1098700003D1FFE70220089008E09DF87701023845
:10988000B0FA80F0400900010890FFE708980999B4
:109890000844129011A800220323114607921A4689
:1098A000FCF78CFF07991091BDF87821139B1A8063
:1098B000109A023210929DF87721139B9A70109A99
:1098C000013210929DF877211346012A06900593E4
:1098D00004D0FFE70598022804D007E002208DF8A5
:1098E0003F0007E010208DF83F0003E097208DF83F
:1098F0007B0171E0139803305C999DF83F20FCF7E1
:1099000045FF9DF83F10109A11441091BDF86E115B
:10991000129A11801099023110919DF86D11129ACE
:1099200091701099013110919DF86C11129AD170BB
:109930001099013110919DF86B11129A11711099C3
:10994000013110919DF86A11129A517110990131EB
:1099500010919DF86911129A91711099013110912D
:1099600054A900224FF0180E0490084603911146A6
:1099700002927246FCF722FF3F21ADF850114FF4DE
:109980008271ADF852110DF1510156911099579114
:1099900011A9589103215991039901900846029900
:1099A00000F0DAFCB0F1FF3F04DCFFE7FF208DF8A8
:1099B0007B0111E09DF84400002805D0FFE79DF8E9
:1099C00044008DF87B0107E0BDF845006D990880E3
:1099D00000208DF87B01FFE79DF87B015FB0BDE8BB
:1099E000F08F000070B5DCB0DDF880C19E461446F3
:1099F0000D4606468DF86E015A918DF867218DF857
:109A000066310DF14D00129001309DF86E11012963
:109A1000CDF834C0CDF830E00B940A950996089043
:109A200003D1FFE70220079008E09DF86E0102389D
:109A3000B0FA80F0400900010790FFE70798089905
:109A40000844119010A800220323114606921A46DA
:109A5000FCF7B4FE06990F919DF86E21129B1A70C7
:109A60000F9A01320F929DF86E211346012A05903C
:109A7000049304D0FFE70498022804D007E00220F2
:109A80008DF83B0007E010208DF83B0003E09720A5
:109A90008DF86F0155E0129801305A999DF83B20DE
:109AA000FCF774FE9DF83B100F9A11440F919DF83E
:109AB0006711119A11700F9901310F919DF866117C
:109AC000119A51700F9901310F9153A900224FF053
:109AD000180E039008460291114601927246FCF757
:109AE0006DFE3F21ADF84C114FF48171ADF84E1170
:109AF0000DF14D0155910F99569110A957910321E0
:109B00005891029900900846019900F025FCB0F1A7
:109B1000FF3F04DCFFE7FF208DF86F0111E09DF8A7
:109B20004000002805D0FFE79DF840008DF86F0148
:109B300007E0BDF841006099088000208DF86F01B2
:109B4000FFE79DF86F015CB070BD000080B5D0B03C
:109B50000146ADF83C010DF12500089000228DF87A
:109B60001F200692BDF83C31DDF820C0ACF8003073
:109B7000069B0233069349AB4FF0180C059018462C
:109B800004911146039262460293FCF717FE3F21AF
:109B9000ADF8241140F22511ADF8261105994B912D
:109BA000069A4C920DF11F024D9201224E92029A9A
:109BB00001901046039900F0CFFBB0F1FF3F04DCA9
:109BC000FFE7FF208DF83F0104E09DF81F008DF8AE
:109BD0003F01FFE79DF83F0150B080BD80B58CB0DC
:109BE00000208DF8130005A9182203900846039B56
:109BF00002911946FCF7E2FD3F21ADF8141040F246
:109C00000111ADF816100DF11301099101210A910E
:109C1000029901900846039900F09EFBB0F1FF3FC6
:109C200004DCFFE7FF208DF82F0004E09DF813000F
:109C30008DF82F00FFE79DF82F000CB080BD0000CD
:109C4000F0B5D5B0DDF868C19E4614460D4606460F
:109C5000ADF85001ADF84E118DF84D218DF84C3115
:109C60000DF135000C9000218DF82F100A91BDF8F0
:109C700050210C9B1A800A9A02320A92BDF84E219A
:109C80000C9B5A800A9A02320A929DF84D210C9B35
:109C90001A710A9A01320A929DF84C210C9B5A7152
:109CA0000A9A01320A920C9A06325A9B9DF84C711C
:109CB00009901046089119463A46CDF81CC0CDF8D7
:109CC00018E0059404950396FCF760FD9DF84C118F
:109CD0000A9A11440A914DA9182202900846089B3D
:109CE00001911946FCF76AFD3F21ADF834114FF49C
:109CF0008371ADF8361109994F910A9A50920DF17E
:109D00002F02519201225292019A00901046089916
:109D100000F022FBB0F1FF3F04DCFFE7FF208DF8ED
:109D2000530104E09DF82F008DF85301FFE79DF8E3
:109D3000530155B0F0BD000080B5D0B00146ADF87C
:109D40003C010DF12500089000228DF81F2006929D
:109D5000BDF83C31DDF820C0ACF80030069B023382
:109D6000069349AB4FF0180C059018460491114624
:109D7000039262460293CDF804C0FCF71FFD3F2119
:109D8000ADF824110199ADF82611059A4B92069B66
:109D90004C930DF11F034D9301234E93029B0090B2
:109DA0001846039900F0D8FAB0F1FF3F04DCFFE752
:109DB000FF208DF83F0104E09DF81F008DF83F0162
:109DC000FFE79DF83F0150B080BD000080B5D0B0E6
:109DD0000A4603468DF83E018DF83D110DF1250030
:109DE000089000218DF81F1006919DF83EC1DDF806
:109DF00020E08EF800C0DDF818C00CF1010CCDF8A1
:109E000018C09DF83DC1DDF820E08EF801C0DDF8F6
:109E100018C00CF1010CCDF818C00DF5927C4FF074
:109E2000180E059060460491039272460293CDF895
:109E300004C0FCF7C3FC3F21ADF824110F21ADF89D
:109E4000261105994B91069A4C920DF11F024D92E5
:109E500001224E92019A00901046049900F07CFA7B
:109E6000B0F1FF3F04DCFFE7FF208DF83F0104E085
:109E70009DF81F008DF83F01FFE79DF83F0150B0AE
:109E800080BD0000B0B5D4B013468C4686468DF830
:109E90004E018DF84D1152920DF131000B900021C1
:109EA0008DF82B1009919DF84E210B9C2270099A78
:109EB000013209929DF84D210B9C6270099A013282
:109EC00009920B9A0232529C9DF84D51089010460F
:109ED000079121462A460693CDF814C0CDF810E02C
:109EE000FCF754FC9DF84D11099A114409914CA9B5
:109EF000182203900846079B02911946FCF75EFC66
:109F00003F21ADF830110C21ADF8321108994E9176
:109F1000099A4F920DF12B02509201225192029A0E
:109F200001901046079900F017FAB0F1FF3F04DCEA
:109F3000FFE7FF208DF84F0104E09DF82B008DF81E
:109F40004F01FFE79DF84F0154B0B0BD70B5D4B0DC
:109F5000DDF860C19E4614460D460646ADF84C013C
:109F6000ADF84A11ADF84821ADF84631ADF844C11D
:109F70000DF12D000A9000218DF827100891BDF8F1
:109F80004C210A9B1A80089A02320892BDF84A2195
:109F90000A9B5A80089A02320892BDF848210A9B0F
:109FA0009A80089A02320892BDF846210A9BDA800C
:109FB000089A02320892BDF844210A9B1A81089A35
:109FC000023208924BAA1823079010460691059278
:109FD0001A46CDF810E0039402950196FCF7EEFBCB
:109FE0003F21ADF82C1140F28111ADF82E110F2157
:109FF0004C9107994D91089A4E920DF127024F927C
:10A0000001225092059A00901046069900F0A4F99A
:10A01000B0F1FF3F04DCFFE7FF208DF84F0104E0C3
:10A020009DF827008DF84F01FFE79DF84F0154B0D0
:10A0300070BD000080B588B0FEF712F84AF6A102A4
:10A04000C0F6000240200021FEF7A4FB40F2F81009
:10A05000C2F20300009040F6F110C0F6000001903B
:10A0600040F60120C0F60000694600F085FB40F292
:10A070000430C2F20300029040F21040C2F203002A
:10A08000039040F21C50C2F20300049040F23C5096
:10A09000059002A8FEF73AF8FDF7DEFF08B080BD94
:10A0A00080B588B00A4603460790069107988DF858
:10A0B00017000DF1170101200490DDF810C0039284
:10A0C00062460293F7F718FF07990190084608B017
:10A0D00080BD000080B582B0014601900120009152
:10A0E000FEF79CFD02B080BD80B582B001460190B4
:10A0F00001200091FEF7DCFD02B080BD80B584B088
:10A100000A460346039002910298406841F280118A
:10A11000C2F200010860039841F2C021C2F20001BE
:10A12000C86108460192009300F0D4F802980068D4
:10A13000FEF7C8F804B080BD10B5D8B013468C4601
:10A140008646ADF85C01569155920DF13D000E909A
:10A150000CA9002205240A9008460991114608928C
:10A1600022460793CDF818C0CDF814E00494FCF70C
:10A1700025FB08990B91BDF85C210E9B1A800B9A68
:10A1800002320B924FAA18230390104602921A46ED
:10A19000FCF714FB0821ADF83C113021ADF83E115D
:10A1A0000A9951910B9A5292099A5392049B549393
:10A1B000DDF808C001906046089900F0CDF8B0F1D4
:10A1C000FF3F04DCFFE7FF208DF85F0115E09DF8FD
:10A1D0003000002805D0FFE79DF830008DF85F01C2
:10A1E0000BE09DF83300569908709DF8340055999E
:10A1F000087000208DF85F01FFE79DF85F0158B0FF
:10A2000010BD000010B5D2B013468C4686468DF8BE
:10A2100046018DF845118DF844210DF12D000A906D
:10A2200000218DF8271008919DF846210A9C227084
:10A23000089A013208929DF845210A9C6270089A9A
:10A24000013208929DF844210A9CA270089A0132BA
:10A2500008924BAA182407901046069105922246B0
:10A260000493CDF80CC0CDF808E0FCF7A7FA08215C
:10A27000ADF82C113121ADF82E1107994D91089AA6
:10A280004E920DF127024F9201225092059A0190B1
:10A290001046069900F060F8B0F1FF3F04DCFFE7DC
:10A2A000FF208DF8470104E09DF827008DF8470155
:10A2B000FFE79DF8470152B010BD000080B582B0A5
:10A2C000014601900420002200911146FEF7C2FCD5
:10A2D00002B080BD82B001460190019847F6AD7290
:10A2E000C0F600020260019848F21D02C0F60002AA
:10A2F0000261009102B0704780B58CB000208DF8EB
:10A30000130005A9182203900846039B02911946E1
:10A31000FCF754FA0321ADF81410ADF816100DF146
:10A320001301099101210A910299019008460399AC
:10A3300000F012F8B0F1FF3F04DCFFE7FF208DF8DA
:10A340002F0004E09DF813008DF82F00FFE79DF823
:10A350002F000CB080BD000080B58EB00A460346C9
:10A360000D908DF833100020079006920593FCF7AE
:10A37000A1F907988DF822000D994A886FF39F2262
:10A38000098842EA8121ADF8301040F21411C2F27E
:10A39000000101220A70BDF830000D990A7B89681E
:10A3A00004911146049AFDF7BFFCFFE79DF82200D7
:10A3B00000286ED1FFE748F2E800FFF795FEFFE7BF
:10A3C00040F23410C2F20000FBF780FF00285FD19A
:10A3D000FFE740F23410C2F2000009A9FBF79AFF30
:10A3E0000998407A0F281AD1FFE709980B300A9094
:10A3F0000A984088BDF83010884206D1FFE70A98D5
:10A4000000780D9909690870FFE70A9840780028DC
:10A4100004D0FFE701208DF82200FFE737E009981C
:10A420000B300B900B98B0F80100BDF8301088424B
:10A4300023D1FFE70998807A03388DF823009DF82F
:10A4400023000D994969884204DAFFE79DF823004B
:10A45000039003E00D9840690390FFE703980D997E
:10A4600048610D980B9903310269406902901046CA
:10A47000029AF5F7B0FE0190FFE70B9800780028EC
:10A4800004D0FFE701208DF82200FFE7FFE797E700
:10A490008CE70120FCF70EF900200EB080BD000013
:10A4A00080B584B040F24C00C2F20000FBF70EFF12
:10A4B00000284AD1FFE740F25400C2F200000078C1
:10A4C000002842D0FFE740F24C00C2F2000003A98E
:10A4D000FBF720FF41F2C020C2F20000C069002853
:10A4E00017D0FFE70398029001208DF8040041F295
:10A4F000C020C2F20000C06901A90090084600997E
:10A5000088479DF8040040F25401C2F2000108702F
:10A5100006E040F25400C2F2000001210170FFE7A2
:10A5200040F25400C2F200000078002804D0FFE797
:10A530000398FDF7CFFD07E0039940F24C00C2F20B
:10A540000000FBF77BFEFFE7FFE740F24C00C2F2A2
:10A550000000FBF7BBFE00280FD1FFE740F25400DC
:10A56000C2F200000078002807D0FFE740F24C005C
:10A57000C2F20000FFF7A2FEFFE704B080BD0000BA
:10A5800080B586B001468DF8170040F21610C2F271
:10A59000000000780628029124D1FFE740F216104F
:10A5A000C2F20000017841F27012C2F20002117092
:10A5B0009DF8171001709DF8170000EB400041F264
:10A5C0002821C2F2000101EBC0000621417541F2D1
:10A5D0007410C2F200004FF0FF3101600020ADF8AE
:10A5E0000E0092E0FDF73AF8ADF80E00BDF80E004F
:10A5F0009DF817E00EEB4E0E41F22821C2F2000149
:10A6000001EBCE0EDEF808201044CEF808009DF8CD
:10A61000170000EB400001EBC0008068049040F29E
:10A620001610C2F20000007800EB400001EBC00001
:10A6300080680499884251D8FFE740F21610C2F2B0
:10A64000000000788DF80D009DF80D0000EB400033
:10A6500041F22821C2F2000101EBC000407D8DF8DB
:10A660000C00FFE79DF80C0000210628019112D094
:10A67000FFE79DF80C0000EB400041F22821C2F2F8
:10A68000000101EBC000806804990022884298BF55
:10A6900001220192FFE70198C007002817D0FFE7C9
:10A6A0009DF80D0000EB400041F22821C2F20001AC
:10A6B00001EBC000407D8DF80D009DF80D0000EB12
:10A6C000400001EBC000407D8DF80C00CAE79DF80A
:10A6D00017009DF80D10FBF76BFE15E09DF81700B5
:10A6E00040F21611C2F200010A7800911146FBF700
:10A6F000A9FE0098017841F27012C2F200021170B6
:10A700009DF817100170FFE7FFE7BDF80E0006B0D7
:10A7100080BD000080B582B000200190F8F784F978
:10A720000090FBF7F1FEFDF789FBFCF765FBFBF7FB
:10A7300035FFFBF727FFFBF719FFFBF745FFFBF79B
:10A7400041FFFBF7F1FEFFE7FBF70AFFFCE7000024
:10A7500080B582B00146019002200091FEF75EFABA
:10A7600002B080BD80B582B0014601900220009108
:10A77000FEF79EFA02B080BD80B584B00A4603465B
:10A78000039002910298406841F28411C2F20001E4
:10A790000860039841F22C51C2F20001C8610846DA
:10A7A0000192009300F012F802980068FDF7C4FDD2
:10A7B00004B080BD80B582B00146019040200022E7
:10A7C00000911146FEF746FA02B080BD82B0014604
:10A7D0000190019848F28D12C0F6000202600198C3
:10A7E00048F2E912C0F600020261009102B070471F
:10A7F000B0B58EB09C4696460C460546ADF8360080
:10A800008DF835100C920B9300200A90CDF824C0DF
:10A81000CDF820E007940695F7F770FABDF83600FA
:10A8200040F27801C2F200010A68A2F809009DF81E
:10A8300035000A68D07208680C300C9A9DF83530E3
:10A84000059111461A46F5F7C6FC40F21511C2F201
:10A85000000101220A7041F22C51C2F20001096983
:10A860000A9B0490184603911946DDF80CC0029229
:10A87000E04748F2E80101900846FFF773FF0B98A4
:10A88000083005990A689378033311461A46F5F79C
:10A89000A2FC029900900846F7F730FA0EB0B0BD5E
:10A8A00080B584B040F26C00C2F20000FBF70EFDF0
:10A8B00000284AD1FFE740F27400C2F2000000789D
:10A8C000002842D0FFE740F26C00C2F2000003A96A
:10A8D000FBF720FD41F22C50C2F20000C0690028B5
:10A8E00017D0FFE70398029001208DF8040041F291
:10A8F0002C50C2F20000C06901A9009008460099DE
:10A9000088479DF8040040F27401C2F2000108700B
:10A9100006E040F27400C2F2000001210170FFE77E
:10A9200040F27400C2F200000078002804D0FFE773
:10A930000398FDF7CFFB07E0039940F26C00C2F2E9
:10A940000000FBF77BFCFFE7FFE740F26C00C2F280
:10A950000000FBF7BBFC00280FD1FFE740F27400BA
:10A96000C2F200000078002807D0FFE740F26C0038
:10A97000C2F20000FFF71EFFFFE704B080BD000039
:10A980000FB4054B10B503A9044A029800F0DAF899
:10A9900010BC5DF814FB0000A1A000080800002016
:10A9A00002E008C8121F08C1002AFAD17047704798
:10A9B000002001E001C1121F002AFBD170470000F6
:10A9C0002DE9FF5F82B00021DDE90430020DDDF8E2
:10A9D00040B0034318D044F61050A2F2FF32424375
:10A9E0001514119801281FD0A5EB0B00401C5FEA3D
:10A9F000000A4FF000064E4FDFF83891B04650463F
:10AA000015D5CAF1000413E0119801244AA30128C6
:10AA100001D16FEA0B010298119AC0E90031C0E937
:10AA2000024206B0BDE8F09FCBF10000DFE704462C
:10AA30000021404A491842EB0450CDE9001012E0D1
:10AA4000E00707D032463B4640464946F5F7CAFC88
:10AA50008046894632463B4610461946F5F7C2FC09
:10AA600006460F466410002CEAD1DDE90401DDE959
:10AA70000023BAF1000F06DAF5F7B4FC42464B4664
:10AA8000F5F7B0FC05E0F5F71FFD42464B46F5F73C
:10AA90001BFD04460E460022284BF5F79DFD03D80A
:10AAA0004FF0FF30014607E00022254B204631469B
:10AAB000F5F7F1FBF5F777FD102409E0002C0ADB30
:10AAC0000A220023F5F756FB039B30321A55641E09
:10AAD00050EA0102F2D1641C039AC4F11103144438
:10AAE000119A012A03D0012208430DD10AE008433C
:10AAF00004D000204FF0110B119072E7A3EB0B056F
:10AB00006D1E0DE05B4504DD4FF0000205F101050F
:10AB100004E003DA4FF00002A5F10105002AECD0B1
:10AB200002981199C0E90231C0E9004579E70000B7
:10AB3000000014400000F03F300000000000F0432F
:10AB40000000E03F2DE9FF4F95B09B468946064641
:10AB500000250FE2252877D100242746F84A012155
:10AB6000059400E0044316F8013F203B01FA03F08E
:10AB70001042F7D130782A2811D06FF02F033078A7
:10AB8000A0F13002092A16D8059A44F0020402EB1B
:10AB9000820203EB42021044761C0590EFE759F85D
:10ABA000042B0592002A03DA504244F40054059025
:10ABB00044F00204761C30782E2816D116F8010FC6
:10ABC00044F004042A280DD06FF02F023078A0F151
:10ABD0003003092B09D807EB870302EB4303C7189F
:10ABE000761CF3E759F8047B761C30786C280FD07C
:10ABF00006DC4C2817D068280DD06A2814D104E050
:10AC0000742810D07A280FD10DE044F400140AE023
:10AC100044F4801401E044F440147278824202D17A
:10AC200004F58014761C761C307866280BD013DC73
:10AC3000582877D009DC002875D04528F6D046285A
:10AC4000F4D047281AD19DE118E0632835D0642854
:10AC500079D0652812D195E1702873D008DC672877
:10AC6000F1D069286FD06E280DD06F2806D1B5E0DD
:10AC700073282CD0752875D0782874D05A46179927
:10AC800090476D1C75E1C4F30250022809D00328D7
:10AC90000DD0D9F8001004280DD00D6009F1040979
:10ACA00067E1D9F80010EA17C1E90052F6E7D9F8D0
:10ACB00000100D80F2E70D70F0E719F8041B8DF815
:10ACC000001000208DF80100EA46012003E059F849
:10ACD00004AB4FF0FF3061074FF0000102D40DE0EC
:10ACE00008F101018846B9420FDA8045F8DB1AF80D
:10ACF00008100029F4D108E008F1010188468142DA
:10AD0000FADB1AF808100029F6D105985B46A0EB8B
:10AD1000080721463846179A00F094FA284400EBB9
:10AD2000080507E04DE029E10DE01AF8010B5A464D
:10AD300017999047B8F10108F7D25B46214638468B
:10AD4000179A13E142E00A220092C4F302524FF034
:10AD5000000A022A08D059F804CB032A4FEAEC7102
:10AD60000AD00DE029E02AE009F1070121F00702ED
:10AD7000F2E802C1914609E00FFA8CFC4FEAEC714F
:10AD8000042A03D14FFA8CFC4FEAEC71002907DA50
:10AD90000A460021DCF1000C61EB02012D2202E0E9
:10ADA000220504D52B228DF80420012203E0E207BE
:10ADB00001D02022F7E7904659E00A2102E0102254
:10ADC0000DE010214FF0000A00910BE010224FF02F
:10ADD000000A44F004040827009203E008224FF020
:10ADE000000A0092C4F30252022A05D059F804CB9B
:10ADF0000021032A08D009E009F1070121F0070228
:10AE0000F2E802C1914605E01FFA8CFC042A01D148
:10AE10000CF0FF0C4FF00008220728D5702806D050
:10AE2000009B83F0100353EA0A0305D00EE0402292
:10AE30008DF80420012208E05CEA010206D03022ED
:10AE40008DF804208DF8050002229046009B83F0C7
:10AE5000080353EA0A030AD15CEA010201D162073E
:10AE600005D530228DF804204FF001087F1E5828A8
:10AE700004D034A003900EA802900DE036A0F9E7AC
:10AE800053466046009AF5F775F984460398825C4C
:10AE90000298401E029002705CEA0100F0D1029814
:10AEA00006A9081A00F1200A600702D524F48034AC
:10AEB00000E00127574502DDA7EB0A0000E0002073
:10AEC00000EB0A01009005984144401A0590E00308
:10AED00006D45B462146179A059800F0B3F905445D
:10AEE000002706E001A85A46C05D179990476D1CDF
:10AEF0007F1C4745F6DBE0030CD55B462146179ADD
:10AF0000059800F09FF9054404E030205A4617994F
:10AF100090476D1C0099481E00900029F5DC08E060
:10AF2000029802995A460078491C02911799904755
:10AF30006D1CBAF10001AAF1010AF1DC65E1000023
:10AF400009280100303132333435363738396162FF
:10AF500063646566000000003031323334353637C3
:10AF600038394142434445460000000000F058F99A
:10AF70000544761C307800287FF4ECAD19B02846E3
:10AF8000BDE8F08F620700D4062709F1070222F01E
:10AF9000070CFCE80223E14603F000485FEA080CD6
:10AFA00002D00FF2702C0DE05FEA045C02D50FF2C4
:10AFB000682C07E05FEAC47C02D00FF2602C01E04D
:10AFC000AFF2700C4FF0FF3823F00043CDF850C0C3
:10AFD00065280CD006DC452809D046281DD0472816
:10AFE0003DD13DE0662818D067287ED138E00021A9
:10AFF000112F01DB112000E0781CCDE9000106A92A
:10B000000EA8FFF7DDFCDDE90F010E9A0391002188
:10B01000009207F1010A04914DE04FF000400097C3
:10B02000CDE9011006A90EA8FFF7CAFCDDE90F0261
:10B0300003920E9B11990022DDF80CA0009304925C
:10B0400011B9791C00EB010AB7EB0A0004D4C0F176
:10B05000FF3007F1010A0490AAEB0700019044E0D9
:10B06000012F00DA01270021112F01DD112000E05E
:10B070003846CDE9000106A90EA8FFF7A1FCDDE9DD
:10B080000F010E9A0391002104910092BA46210704
:10B090000CD40399514500DA8A46BAF1010F05DD57
:10B0A000009AAAF10101515C302908D0B84202DAB5
:10B0B00010F1040F06DA0121CDE9011015E0AAF123
:10B0C0000101E9E7002805DC049901440491AAEB99
:10B0D000000102E0411C514500DD8A460499401AF6
:10B0E000401C01904FF000400290200704D40198CA
:10B0F000504501DBCDF8048000208DF84F00029808
:10B100000DF14F07B0F1004F25D02B200E90029883
:10B110004FF0020800280CDA404202902D200E90D9
:10B1200007E00A210298F5F781F83031029007F81C
:10B13000011DB8F10001A8F10108F2DC0298002815
:10B14000EFD1791E0E980870307800F0200040F0A2
:10B15000450007F8020D12A8C01B00F1070814985B
:10B16000007800B1012000EB0A01019801EBE071C9
:10B1700005984144401A401E0590E00306D45B4602
:10B180002146179A059800F05DF805441498007858
:10B1900018B15A46179990476D1CE00324D55B46B9
:10B1A0002146179A059800F04DF805441CE00498D4
:10B1B000002807DBDDE90301884203DD0098405CDD
:10B1C000179901E0179930205A469047049805F1E5
:10B1D0000105401C04900198401E019004D12E20CE
:10B1E0005A46179990476D1CBAF10001AAF1010A5D
:10B1F000DDDC05E017F8010B5A46179990476D1CE6
:10B20000B8F10001A8F10108F4DC5B462146179A69
:10B210000598ABE62D0000002B0000002000000088
:10B220002DE9F041044600251E461746880404D443
:10B2300005E039462020B0476D1C641EF9D528462C
:10B24000BDE8F0812DE9F041044600251E469046F8
:10B25000C80301D5302700E02027880404D505E085
:10B2600041463846B0476D1C641EF9D52846BDE8F6
:10B27000F08100000000000000000000000064B346
:10B280000008E4010320E801032026040400000074
:10B2900000000000000000000000000000000000AE
:10B2A00000440008004005020112299C00F401003E
:10B2B00000FFFFFFFF480101000020D806000372D5
:10B2C00006000000000D0004060000000C00000055
:10B2D0001000000001000000030000000500000055
:10B2E0000100000001000000060000000A0000004C
:10B2F0002000000002000000040000000800000020
:10B30000100000004000000080000000000100006C
:10B31000000200000A0607001000010002002000E1
:10B3200001000200A0860100400D0300801A060003
:10B3300000350C0040420F0080841E0000093D00D3
:10B3400000127A000024F40000366E010048E80183
:10B35000006CDC02000000000000000000000000A3
:10B36000000000000000004801000000000000484C
:10B37000010000000000004801000000000000483B
:10B38000010000000000004801000000000000482B
:10B39000010000000000004801000000000000481B
:10B3A000010000000000004801000000000000480B
:10B3B00001000000000000480100000000000048FB
:10B3C00001000000000000480100000000000048EB
:10B3D00001000000000000480100000000000048DB
:10B3E00001000000000000480100000000000048CB
:10B3F00001000000000000480100000000000048BB
:10B4000001000000000000480100000000000048AA
:10B41000010000000000004801000000000000489A
:10B42000010000000000004801000000000000488A
:10B43000010000000000004801000000000000487A
:10B44000010000000000004801000000000000486A
:10B45000010000000000004801000000000000485A
:10B46000010000000000004801000000000000484A
:10B47000010000000000004801000000000000483A
:10B48000010000000000004801000000000000482A
:10B4900001000000FEDCBA0987654321FEDCBA0921
:10B4A00087654321123456789ABCDEF01234567800
:10B4B0009ABCDEF009503250535256316C7AD8ACF7
:10B4C0005772000012000000240000003600000047
:10B4D0004000000000000000010000000200000029
:10B4E0000300000050325053525631002D2D20479A
:10B4F000415454203A204C454420434F4E4649473E
:10B5000055524154494F4E205245434549564544B2
:10B510000A00000058B5000808000020780000006C
:10B52000A0A90008D0B500080000032028000000F2
:10B53000A0A90008F8B5000828000320400A000070
:10B540000A070008D0B5000880000020D0240000C1
:10B55000B0A900080000000000000000000800483A
:10B56000000C0048000C00480100000000040048E6
:10B57000000400480004004801000000FFFFFFFF36
:10B5800000093D00FFFFFFFF0DFF018300000000E9
:10B59000000000000000010010000000000000009A
:10B5A000000000000000000000000000000000009B
:10B5B000000000000000000000000000000000008B
:10B5C000000000000000000000000000000000007B
:10B5D000000000000000000000000000000000006B
:10B5E000000000000000000000000000000000005B
:10B5F000000000000000000001FF01FF01FF01FF4B
:10B6000001FF01FF01FF01FF01FF01FF01550000E4
:040000050800013DB1
:00000001FF
